-- phpMyAdmin SQL Dump
-- version 5.0.1
-- https://www.phpmyadmin.net/
--
-- Host: 127.0.0.1
-- Generation Time: Mar 17, 2020 at 05:06 PM
-- Server version: 10.4.11-MariaDB
-- PHP Version: 7.4.2

SET SQL_MODE = "NO_AUTO_VALUE_ON_ZERO";
SET AUTOCOMMIT = 0;
START TRANSACTION;
SET time_zone = "+00:00";


/*!40101 SET @OLD_CHARACTER_SET_CLIENT=@@CHARACTER_SET_CLIENT */;
/*!40101 SET @OLD_CHARACTER_SET_RESULTS=@@CHARACTER_SET_RESULTS */;
/*!40101 SET @OLD_COLLATION_CONNECTION=@@COLLATION_CONNECTION */;
/*!40101 SET NAMES utf8mb4 */;

--
-- Database: `codosupp`
--

-- --------------------------------------------------------

--
-- Table structure for table `accounts`
--

CREATE TABLE `accounts` (
  `id_acco` int(11) NOT NULL,
  `name_acco` varchar(100) DEFAULT NULL,
  `age` int(11) DEFAULT NULL,
  `gender` int(1) NOT NULL DEFAULT 0 COMMENT '0: male; 1:female; 2:other',
  `email` varchar(50) DEFAULT NULL,
  `phone` varchar(20) DEFAULT NULL,
  `address` varchar(100) DEFAULT NULL,
  `password` varchar(255) DEFAULT NULL,
  `image` varchar(255) DEFAULT NULL,
  `role` int(11) NOT NULL DEFAULT 2 COMMENT '0: admin; 1: employers; \r\n2: customers',
  `flag` int(11) NOT NULL DEFAULT 0 COMMENT '0: display; 1:deleted',
  `created` timestamp NOT NULL DEFAULT current_timestamp(),
  `modified` timestamp NULL DEFAULT NULL,
  `user_created` int(10) NOT NULL DEFAULT 0,
  `user_modified` int(10) DEFAULT NULL
) ENGINE=InnoDB DEFAULT CHARSET=utf8;

--
-- Dumping data for table `accounts`
--

INSERT INTO `accounts` (`id_acco`, `name_acco`, `age`, `gender`, `email`, `phone`, `address`, `password`, `image`, `role`, `flag`, `created`, `modified`, `user_created`, `user_modified`) VALUES
(1, 'Lê Nguyễn Hoài Huy', NULL, 0, NULL, '0788362644', '121212', '$2y$10$w6AwcgwDbCoezXtRGhO17urAbYaWQQyNGaloDRsClGXSMAjv9Z23S', NULL, 0, 0, '2020-03-14 17:03:19', NULL, 0, NULL);

-- --------------------------------------------------------

--
-- Table structure for table `categories`
--

CREATE TABLE `categories` (
  `id_cate` int(10) NOT NULL,
  `name_cate` varchar(100) DEFAULT NULL,
  `menu_id` int(10) DEFAULT NULL,
  `title_cate` varchar(255) NOT NULL,
  `cms` text DEFAULT NULL,
  `image` varchar(255) DEFAULT NULL,
  `flag` int(1) NOT NULL DEFAULT 0 COMMENT '0: display; 1:deleted',
  `created` timestamp NOT NULL DEFAULT current_timestamp(),
  `modified` timestamp NULL DEFAULT NULL,
  `user_created` int(1) NOT NULL DEFAULT 0,
  `user_modified` int(1) DEFAULT NULL
) ENGINE=InnoDB DEFAULT CHARSET=utf8;

--
-- Dumping data for table `categories`
--

INSERT INTO `categories` (`id_cate`, `name_cate`, `menu_id`, `title_cate`, `cms`, `image`, `flag`, `created`, `modified`, `user_created`, `user_modified`) VALUES
(1, 'Protein hoàn chỉnh', 2, '', NULL, NULL, 0, '2020-03-12 16:28:34', NULL, 0, 0),
(2, 'Whey - Casein protein', 2, '', NULL, NULL, 0, '2020-03-12 16:29:34', NULL, 0, 0),
(6, 'Pre-workout', 3, '', NULL, NULL, 0, '2020-03-13 18:36:55', NULL, 0, NULL),
(7, 'Intra-workout', 3, '', NULL, NULL, 0, '2020-03-14 05:42:23', NULL, 0, NULL),
(8, 'Thời điểm khác tập', 3, '', NULL, NULL, 0, '2020-03-15 07:58:39', NULL, 0, NULL),
(9, 'BCAA', 3, '', NULL, NULL, 0, '2020-03-15 08:01:32', NULL, 0, NULL),
(10, 'Amino Acids', 3, '', NULL, NULL, 0, '2020-03-15 08:01:51', NULL, 0, NULL),
(11, 'Hỗ trợ sức khỏe khác', 3, '', NULL, NULL, 0, '2020-03-15 08:02:06', NULL, 0, NULL),
(12, 'Whey thấp năng lượng', 5, '', NULL, NULL, 0, '2020-03-15 08:02:18', NULL, 0, NULL),
(13, 'Bữa ăn thông minh', 5, '', NULL, NULL, 0, '2020-03-15 08:02:32', NULL, 0, NULL),
(14, 'Mạnh - Hiệu quả nhanh', 5, '', NULL, NULL, 0, '2020-03-15 08:02:44', NULL, 0, NULL),
(15, 'Vừa - Duy trì vóc dáng', 5, '', NULL, NULL, 0, '2020-03-15 08:02:54', NULL, 0, NULL);

-- --------------------------------------------------------

--
-- Table structure for table `companies`
--

CREATE TABLE `companies` (
  `id_comp` int(10) NOT NULL,
  `name_comp` varchar(100) DEFAULT NULL,
  `thumbnail` varchar(100) DEFAULT NULL,
  `flag` int(1) NOT NULL DEFAULT 0 COMMENT '0: display; 1:deleted',
  `created` timestamp NOT NULL DEFAULT current_timestamp(),
  `modified` timestamp NULL DEFAULT NULL,
  `user_created` int(11) NOT NULL DEFAULT 0,
  `user_modified` int(11) DEFAULT NULL
) ENGINE=InnoDB DEFAULT CHARSET=utf8;

--
-- Dumping data for table `companies`
--

INSERT INTO `companies` (`id_comp`, `name_comp`, `thumbnail`, `flag`, `created`, `modified`, `user_created`, `user_modified`) VALUES
(1, 'Labrada', NULL, 0, '2020-03-12 17:26:18', NULL, 0, 0),
(2, 'RSP', NULL, 0, '2020-03-16 15:16:01', NULL, 0, NULL),
(3, 'Thol', NULL, 0, '2020-03-16 15:16:09', NULL, 0, NULL),
(4, 'Nutrex', NULL, 0, '2020-03-16 15:17:41', NULL, 0, NULL),
(5, 'S.A.N', NULL, 0, '2020-03-16 15:18:23', NULL, 0, NULL),
(6, 'SUPER-HUGE', NULL, 0, '2020-03-17 15:34:11', NULL, 0, NULL);

-- --------------------------------------------------------

--
-- Table structure for table `menu`
--

CREATE TABLE `menu` (
  `id_menu` int(10) NOT NULL,
  `name_menu` varchar(100) DEFAULT NULL,
  `sorting` int(1) NOT NULL DEFAULT 0,
  `flag` int(1) NOT NULL DEFAULT 0 COMMENT '0: display; 1:deleted',
  `modified` timestamp NULL DEFAULT NULL,
  `created` timestamp NOT NULL DEFAULT current_timestamp(),
  `user_created` int(1) DEFAULT NULL,
  `user_modified` int(1) DEFAULT NULL
) ENGINE=InnoDB DEFAULT CHARSET=utf8;

--
-- Dumping data for table `menu`
--

INSERT INTO `menu` (`id_menu`, `name_menu`, `sorting`, `flag`, `modified`, `created`, `user_created`, `user_modified`) VALUES
(1, 'Trang chủ', 0, 1, NULL, '2020-03-10 17:22:25', NULL, NULL),
(2, 'Protein & Tăng cân', 0, 0, NULL, '2020-03-10 17:22:25', NULL, NULL),
(3, 'Năng lượng-Sức khỏe', 0, 0, NULL, '2020-03-10 17:23:07', NULL, NULL),
(5, 'Giảm mỡ - Giảm cân', 0, 0, NULL, '2020-03-10 17:24:59', NULL, NULL),
(6, 'Giới thiệu', 0, 0, NULL, '2020-03-10 17:24:59', NULL, NULL),
(10, 'Liên hệ', 0, 0, NULL, '2020-03-15 07:54:53', NULL, NULL);

-- --------------------------------------------------------

--
-- Table structure for table `orders`
--

CREATE TABLE `orders` (
  `prod_id` int(11) NOT NULL,
  `acco_id` int(11) NOT NULL,
  `realPrice` float DEFAULT NULL,
  `quality` int(1) DEFAULT NULL,
  `created` timestamp NULL DEFAULT current_timestamp(),
  `flag` int(1) NOT NULL DEFAULT 0,
  `modified` timestamp NULL DEFAULT NULL
) ENGINE=InnoDB DEFAULT CHARSET=utf8;

-- --------------------------------------------------------

--
-- Table structure for table `products`
--

CREATE TABLE `products` (
  `id_prod` int(11) NOT NULL,
  `name_prod` varchar(100) DEFAULT NULL,
  `cate_id` int(10) DEFAULT NULL,
  `comp_id` int(10) DEFAULT NULL,
  `price` float DEFAULT NULL,
  `price_manu` float DEFAULT NULL,
  `discount` int(1) NOT NULL DEFAULT 0,
  `barcode` varchar(255) DEFAULT NULL,
  `image` varchar(255) DEFAULT NULL,
  `thumbnail` varchar(255) DEFAULT NULL,
  `image_relate` varchar(255) DEFAULT NULL,
  `image_certifi` varchar(255) DEFAULT NULL,
  `count` int(11) NOT NULL DEFAULT 0,
  `uses_prod` varchar(255) DEFAULT NULL,
  `description` text DEFAULT NULL,
  `flag` int(1) NOT NULL DEFAULT 0 COMMENT '0: display; 1:deleted',
  `created` timestamp NOT NULL DEFAULT current_timestamp(),
  `modified` timestamp NULL DEFAULT NULL,
  `user_created` int(1) NOT NULL DEFAULT 0,
  `user_modified` int(1) DEFAULT NULL
) ENGINE=InnoDB DEFAULT CHARSET=utf8;

--
-- Dumping data for table `products`
--

INSERT INTO `products` (`id_prod`, `name_prod`, `cate_id`, `comp_id`, `price`, `price_manu`, `discount`, `barcode`, `image`, `thumbnail`, `image_relate`, `image_certifi`, `count`, `uses_prod`, `description`, `flag`, `created`, `modified`, `user_created`, `user_modified`) VALUES
(1, 'D2', NULL, NULL, NULL, NULL, 0, NULL, NULL, NULL, NULL, NULL, 0, NULL, NULL, 0, '2020-03-12 16:58:09', NULL, 0, 0),
(5, 'Demo product 1', NULL, NULL, NULL, NULL, 0, NULL, NULL, NULL, NULL, NULL, 0, NULL, NULL, 0, '2020-03-12 17:03:03', NULL, 0, 0),
(13, 'Product demo edit', 2, 1, 33000, 10000, 25, '', '2020031573740.jpg', NULL, NULL, NULL, 0, 'TrueGain - với hơn 50g protein và hơn 1200g calories mỗi serving, đảm bảo tăng cân tăng cơ nhanh hiệu quảTrueGain - với hơn 50g protein và hơn 1200g calories mỗi serving, đảm bảo tăng cân tăng cơ nhanh hiệu quảTrueGain - với hơn 50g protein và hơn 1200g c', '', 1, '2020-03-15 16:48:59', NULL, 0, NULL),
(14, 'DEMO CKEDITOR', 7, 1, 18000, 12000, 15, 'RSPTRUEGAIN', '2020031573751.jpg', NULL, NULL, NULL, 0, 'DEMO', '<p>&nbsp;&nbsp;&nbsp;&nbsp;Nếu bạn muốn tìm 1 sản phẩm tăng cân một cách an toàn thì đừng tìm đâu xa, <strong>TrueGain</strong> đã có mặt ở đây. Với 50g protein và 1,210 calories trong mỗi liều dùng, TrueGain chứa đựng tất cả những gì bạn cần vào trong 1 chiếc shaker tiện lợi, bổ sung nhiên liệu nhanh chóng cho cơ thể của bạn sau khi tập luyện..</p><figure class=\"image\"><img src=\"https://www.thol.com.vn/media/wysiwyg/banner-truegain-02.jpg\" alt=\"TrueGain - Mass Gainer tăng cân tăng cơ cao cấp\"></figure><p>Được sản xuất với liều lượng khổng lồ: 1,210 calories trong mỗi serving, 50g protein hấp thu nhanh và chậm, <strong>true gain</strong> là giải pháp lý tưởng để cung cấp nhiên liệu cho sự phát triển của cơ bắp, hỗ trợ tăng cân 1 cách chất lượng và tối đa hóa phục hồi. RSP TrueGain chứa 3 nguồn protein khác nhau: Milk Protein Concentrate, Whey Protein Concentrate, Whey Protein Isolate hỗ trợ tăng cân nhanh tốt hơn.</p><p><strong>Ưu điểm vượt trội khi sử dụng mass gainer TrueGain:</strong></p><ul><li>8g Glutamin &amp; Glutamic acid tự nhiên giúp phục hồi nhanh, chống dị hoá, tổng hợp &amp; phát triển cơ.</li><li>10g BCAA tự nhiên: thúc đẩy sự tăng trưởng cơ bắp và nâng cao hiệu suất tập luyện.</li><li>Vị chocolate rất ngon như milo - uống là ghiền.</li><li>50g Protein cao cấp nhất từ whey protein .</li><li>Chứa hơn 1200 calo trong mỗi liều dùng: hỗ trợ tăng cân nhanh hiệu quả.</li></ul><figure class=\"image\"><img src=\"https://www.thol.com.vn/media/wysiwyg/banner-truegain.jpg\" alt=\"true gain - mass gainer chất lượng đẳng cấp thành phần khủng\"></figure><p><strong>Hướng dẫn sử dụng mass RSP truegain:</strong></p><p>- 1210 calo/2 muỗng --&gt; &gt;302 calo/nửa muỗng<br>- Uống đủ liều: 2 muỗng/ngày. Một nửa muỗng /lần--&gt; 4 lần/ngày (1 muỗng pha tương ứng 200ml nước lọc, có thể điều chỉnh thêm/ giảm nước chút xíu để có được khẩu vị phù hợp nhất).<br>- Các thời điểm uống: Sáng mới ngủ dậy, sau tập và những lúc bụng đói.</p><p>Sản phẩm RSP TrueGain được phân phối độc quyền bởi Công ty TNHH Thương Mại BBT, đảm bảo an toàn về chất lượng cũng như thành phần. Gọi ngay đến hotline: 19002050 để được tư vấn và mua Mass RSPTrueGain tăng cân tăng cơ ngay hôm nay với giá cực kì ưu đãi.</p><p><strong>Chú ý:</strong> Sản phẩm này là thực phẩm bổ sung, không phải thuốc chữa bệnh, không dùng để thế thuốc chữa bệnh. Sản phẩm này được đăng ký tại Cục Vệ sinh an toàn thực phẩm trực thuộc Bộ Y tế và đã được kiểm tra tại Chi cục hải quan Thành Phố Hồ Chí Minh cũng như xét nghiệm các chỉ tiêu sức khỏe tại Các công ty giám định chất lượng được cho phép của Bộ Y Tế Việt Nam. Sản phẩm phân phối ra thị trường đảm bảo có tem chống Hàng giả của Bộ công an và nhãn phụ sản phẩm của công ty BBT</p><p><strong>BBT</strong> là công ty phân phối độc quyền nhãn hàng này trên phạm vi toàn quốc. Nhằm bảo đảm không mua phải hàng gian, hàng giả vui lòng kiểm tra tem Chống hàng giả của Bộ Công an, nhãn phụ sản phẩm của công ty BBT và thẻ cào nhắn tin xác nhận sản phẩm (3 tem tất cả). Nếu có bất kỳ dấu hiệu nghi ngờ bạn hãy gọi điện thoại về tổng đài 19002050 để được tư vấn (giờ hành chính). Hãy đăng kí thành viên và chọn chức năng mua hàng trực tuyến để được chúng tôi chăm sóc tốt hơn cũng như hưởng nhiều ưu đãi hơn.</p>', 1, '2020-03-15 17:05:00', NULL, 0, NULL),
(15, 'DEMO CKEDITOR5', 8, 1, 10000, 22000, 15, 'RSPTRUEGAIN', '2020031565853.jpg', NULL, NULL, NULL, 0, '    Nếu bạn muốn tìm 1 sản phẩm tăng cân một cách an toàn thì đừng tìm đâu xa, TrueGain đã có mặt ở đây. Với 50g protein và 1,210 calories trong mỗi liều dùng, TrueGain chứa đựng tất cả những gì bạn cần vào trong 1 chiếc shaker tiện lợi, bổ sung nhiên liệ', '<p>Nếu bạn là 1 gymer có kinh nghiệm thì bạn thừa sức hiểu vai trò của việc bổ sung protein chất lượng cao đối với cơ bắp của mình, hầu hết các vận động viên, các gymer lâu năm đều bỏ sung protein rất hợp lý và khoa học suốt ngày, nhưng họ lại quên đi 1 thời khắc quan trọng, đó là ban đêm, lúc bạn đang chìm đắm trong giấc ngủ và cơ bắp của bạn bị dị hóa do lượng protein vào bữa ăn ban tối đã được hấp thu hết từ lâu, cơ bắp của bạn bị đói lúc đó<br>Thật vây, bạn sẽ ngủ 8h hoặc lâu hơn, cơ bắp của bạn bị rơi vào 1 trạng thái gọi là catabolic, dị hóa và mô cơ bị phá hủy. Đó là lý do các gymer thông minh họ đã sử dụng 1 loại protein hấp thu chậm trước lúc ngủ, đó là Labrada 100% Premium Micellar Casein Protein</p><figure class=\"image\"><img src=\"https://www.thol.com.vn/media/wysiwyg/banner_labcasein.jpg\" alt=\"Nuôi dưỡng cơ ban đêm an toàn hiệu quả\"></figure><p><strong>Casein hoạt động như thế nào?</strong></p><p>Casein ở dạng micellar có cấu trúc phân tử độc đáo, nó tạo thành 1 dạng \"gel\" ở trong dạ dày của chúng ta khi nó phản ứng với các chất trong dạ dày. Việc uống micellar casein trước giờ ngủ sẽ nâng cao hàm lượng amino axit trong máu lên đến 7h, do đó cho phép cơ thể của bạn sửa chửa các mô cơ bị tổn thương trong khi bạn đang ngủ</p><p>Labrada Casein Protein chứa 24g casein protein chất lượng cao mỗi liều dùng, cung cấp hơn 5g chuỗi axit amin phân nhánh (BCAA) tự nhiên, đó là những thành phần quan trọng để cơ bắp được phục hồi và tăng trưởng</p><p>Labrada Casein Protein cũng cung cấp hơn 5g glutamine và glutamic axit, đó là 2 axit amin có trách nhiệm hỗ trợ cơ bắp phục hồi và thúc đẩy chức năng hệ thống miễn dịch</p><p><strong>Quá trình sản xuất Labrada Casein Protein không liên quan đến nhiệt độ cao và hóa chất (axit) mạnh nên các giá trị đáng quý nhất của axit amin được bảo tồn toàn vẹn</strong></p><p><strong>Điểm nổi bật của Labrada Casein Protein</strong></p><ul><li>24g 100% Micellar Casein Protein</li><li>Protein hấp thu siêu chậm tuyệt vời</li><li>5.5g BCAA</li><li>4g Glutamine</li><li>1g đường</li><li>Không gluten, không màu nhân tạo</li><li>Lý tưởng để sử dụng ban đêm phát triển cơ bắp</li></ul><p><strong>Hướng dẫn sử dụng</strong></p><p>Hòa tan 1 muỗng Labrada 100% Micellar Casein vào trong 250-500ml chất lỏng yêu thích (nước lạnh hoặc nước ép trái cây) vào trong bình lắc (shaker) lắc đều cho tới khi bột hòa tan và sử dụng trước khi đi ngủ. Nếu bạn không dùng ngay lập tức trong vòng 2h sau khi pha thì bạn khoan cho nước vào, hãy để bột khô khi nào uống hãy pha. Còn nếu bạn lỡ pha rồi mà không uống thì vui lòng bảo quản trong ngăn mát tủ lạnh để không ảnh hưởng đến hương vị cũng như chất lượng sản phẩm</p><p><strong>Cảnh báo: </strong>Không dùng cho phụ nữ có thai thai hoặc cho con bú. Ngừng sử dụng và ngay lập tức liên hệ với dịch vụ chăm sóc sức khỏe chuyên nghiệp của bạn nếu bạn gặp bất kỳ phản ứng bất lợi đến sản phẩm này. Thực hiện theo hướng dẫn trên nhãn và không vượt quá liều lượng tối đa như trên. Không sử dụng nếu nắp hộp đã bị tháo và lớp bảo vệ bên trong không còn nữa.<strong>TRÁNH XA TẦM TAY TRẺ EM</strong>.Lưu trữ ở nơi khô, mát</p><p><strong>Chú ý: </strong>Sản phẩm này là thực phẩm bổ sung, không phải thuốc chữa bệnh, không dùng để thế thuốc chữa bệnh. Sản phẩm này được đăng ký tại Cục Vệ sinh an toàn thực phẩm trực thuộc Bộ Y tế và đã được kiểm tra tại Chi cục hải quan Thành Phố Hồ Chí Minh cũng như xét nghiệm các chỉ tiêu sức khỏe tại Các công ty giám định chất lượng được cho phép của Bộ Y Tế Việt Nam. Sản phẩm phân phối ra thị trường đảm bảo có tem chống Hàng giả của Bộ công an và nhãn phụ sản phẩm của công ty BBT</p><p>BBT là công ty phân phối độc quyền nhãn hàng này trên phạm vi toàn quốc. Nhằm bảo đảm không mua phải hàng gian, hàng giả vui lòng kiểm tra tem Chống hàng giả của Bộ Công an, nhãn phụ sản phẩm của công ty BBT và thẻ cào nhắn tin xác nhận sản phẩm (3 tem tất cả). Nếu có bất kỳ dấu hiệu nghi ngờ bạn hãy gọi điện thoại về tổng đài 19002050 để được tư vấn (giờ hành chính). Hãy đăng kí thành viên và chọn chức năng mua hàng trực tuyến để được chúng tôi chăm sóc tốt hơn cũng như hưởng nhiều ưu đãi hơn.</p>', 1, '2020-03-15 17:23:06', NULL, 0, NULL),
(23, 'Labrada Lean Pro 8 - Nguồn Protein Cao Cấp Trải Dài', 2, 1, 10000, 1650000, 0, 'LEANPRO8', '2020031740755.jpg', NULL, NULL, NULL, 0, 'Labrada Lean Pro8 chứa 4g xơ,8g chất béo tốt EFAs,mùi vị cực ngon, phục hồi, nuôi dưỡng cơ suốt ngày...', '<figure class=\"image\"><img src=\"https://www.thol.com.vn/media/wysiwyg/leanpro-8.jpg\" alt=\"Lean Pro8 - 8 nguồn protein trải dài cao cấp, béo tốt, xơ cao\"></figure><p><strong>Những điểm nổi bật ở Lean Pro8 :</strong></p><ul><li>Chuổi cao cấp 8 loại protein</li><li>8g chất béo tốt EFAs</li><li>8000mg BCAA &amp; Glutamine</li><li>Protein có mùi vị tuyệt vời</li></ul><p>&nbsp;</p><p><strong>Lean Pro8</strong> bao gồm 1 dòng pha trộn siêu cao cấp 8 loại protein với tốc độ hấp thu nhanh, vừa, chậm tạo ra 1 dòng chảy liên tục amino acid.&nbsp;<br>&nbsp;</p><p>&nbsp;</p><p><strong>Lean Pro8</strong> sẽ giúp cho cơ bắp của bạn lớn hơn, mạnh mẽ hơn và gọn gàng nhanh chóng hơn bao giờ hết.&nbsp;<br>&nbsp;</p><p>&nbsp;</p><p>Rất quan trọng, 1 loại thực phẩm bổ sung protein hiệu quả sẽ giúp bạn chống dị hóa cơ bắp, và đó cũng là chính xác những gì Lean Pro8 có.&nbsp;<br>&nbsp;</p><p>&nbsp;</p><p><strong>Lean Pro8</strong> sẽ cung cấp protein cả ngày để giúp bảo trì cơ bắp, thập chí suốt cả đêm nếu bạn dùng vào lúc trước khi đi ngủ.&nbsp;<br>&nbsp;</p><p>&nbsp;</p><p><strong>Lean Pro8</strong> không chỉ xây dựng phát triển cơ bắp mới mà còn góp phần tích cực bảo vệ các cơ bắp đã có. Lean Pro8 là protein hoàn chỉnh với hương vị số 1 tại Mỹ của hãng Labrada như người anh em <a href=\"https://www.thol.com.vn/leambody-mrp-80.html\">Lean Body MRP</a></p><p>Hơn nữa, Lean Pro8 chứa đến 8g chất béo cần thiết cho sức khỏe EFAs có chứa vòng omega 3 và omega 6 tự nhiên, chuỗi glycerides trung bình, dầu hạt lanh, dầu cây lưu ly để tăng tốc độ tăng trưởng năng lượng và nguồn nhiên liệu.&nbsp;<br>Lean Pro8 chứa đến 8g chất xơ trong 100g sản phẩm, với 8g chất xơ này bạn đã cung cấp 28% theo RDA để hỗ trợ hấp thu dinh dưỡng, nó cũng rất tốt cho đường ruột và sức khỏe tim mạch.</p><p><strong>Chuỗi Protein trong Lean Pro8 :</strong></p><ul><li>Yielding Fast Acting Micro Ultra Filtered</li><li>Whey Protein Concentrate</li><li>Cross Flow Micro Ultra Filtered Whey Protein Isolate</li><li>Hydrolyzed Whey Protein Isolate</li><li>Medium Acting Agglomerated Egg Albumin</li><li>Slow Acting Micellar Casein</li><li>Calcium Caseinate</li><li>Milk Protein Isolate</li><li>Milk Protein Concentraten</li><li>Glutamine Peptides</li></ul><p><strong>Thời điểm sử dụng Lean Pro8 tốt nhất :</strong></p><p><strong>Trước khi tập:</strong> uống 1-2 khẩu phẩn Lean Pro8 trước khi tập 1h để cung cấp axit amin trong lúc bạn tập ngăn ngừa các sự cố cơ bắp đáng tiếc do thiếu axit amin.&nbsp;<br><strong>Sau khi tập:</strong> Uống ngay 1-2 khẩu phần Lean Pro8 trong vòng 30 phút sau khi tập xong để tái khởi động sửa chữa cơ bắp, tăng trưởng, và tăng dự trữ glycogen trong cơ bắp.&nbsp;<br><strong>Trước khi ngủ:</strong> Uống 1-2 khẩu phần Lean Pro8 trong vòng 1h trước khi ngủ để đảm bảo cung cấp nguồn dinh dưỡng trải dài, cơ bắp không bị dị hóa trong đêm.</p><p><strong>Hướng dẫn sử dụng Lean Pro8:</strong></p><p>Bạn có thể pha 1 khẩu phần (1 liều dùng) Lean Pro8 với 400ml sữa tươi (nếu bạn hấp thu được sữa), nước ép hay nước lọc vào máy xay hoặc bình lắc (shaker) cho đến khi bột tan hết. Bạn có thể bỏ thêm đá vào để uống ngon hơn. Bạn có thể sử dụng sản phẩm này như 1 bữa ăn lúc bạn đói, nhưng để đạt được kết quả tốt nhất bạn cần uống 1 lần vào buổi sáng và 1 lần khác vào thời điểm sau khi bạn tập luyện thể hình hoặc thể thao xong (đây là 2 thời điểm vàng để bổ sung, cơ thể bạn cần nhiều chất dinh dưỡng để phục hồi).</p><p><strong>Chú ý: </strong>Sản phẩm này là thực phẩm bổ sung, không phải thuốc chữa bệnh, không dùng để thế thuốc chữa bệnh. Sản phẩm này được đăng ký tại Cục Vệ sinh an toàn thực phẩm trực thuộc Bộ Y tế và đã được kiểm tra tại Chi cục hải quan Thành Phố Hồ Chí Minh cũng như xét nghiệm các chỉ tiêu sức khỏe tại Các công ty giám định chất lượng được cho phép của Bộ Y Tế Việt Nam. Sản phẩm phân phối ra thị trường đảm bảo có tem chống Hàng giả của Bộ công an và nhãn phụ sản phẩm của công ty BBT</p><p><strong>BBT</strong> là công ty phân phối độc quyền nhãn hàng này trên phạm vi toàn quốc. Nhằm bảo đảm không mua phải hàng gian, hàng giả vui lòng kiểm tra tem Chống hàng giả của Bộ Công an, nhãn phụ sản phẩm của công ty BBT và thẻ cào nhắn tin xác nhận sản phẩm (3 tem tất cả). Nếu có bất kỳ dấu hiệu nghi ngờ bạn hãy gọi điện thoại về tổng đài 19002050 để được tư vấn (giờ hành chính). Hãy đăng kí thành viên và chọn chức năng mua hàng trực tuyến để được chúng tôi chăm sóc tốt hơn cũng như hưởng nhiều ưu đãi hơn.</p>', 0, '2020-03-17 15:07:56', NULL, 0, NULL),
(24, 'Super Huge Gain - MASS Evogen tăng cân đẳng cấp nhất', 2, 3, 2000000, 2000000, 0, 'SUPER-HUGE', '2020031743756.jpg', NULL, NULL, NULL, 0, 'Super Huge Gain chứa 50 gram nguồn protein cao cấp hoàn chỉnh tăng trưởng cơ bắp tối đa kết hợp nguồn carb phức, giàu xơ hạn chế lên mỡ. Mass cao năng lượng tăng cân nhanh hương vị thơm ngon thanh khiết.', '<figure class=\"image\"><img src=\"https://www.thol.com.vn/pub/media/wysiwyg/banner-product/Super-Huge-gain-banner.jpg\" alt=\"mass tăng cân evogen\"></figure><h2>TÁC DỤNG CỦA SUPER HUGE</h2><p>&nbsp;</p><p>Giúp tăng cân nhanh<br>&nbsp;</p><p>&nbsp;</p><p>Tăng cơ bắp&nbsp;<br>&nbsp;</p><p>&nbsp;</p><p>Hạn chế lên mỡ thừa hơn</p><h2>TẠI SAO SUPER HUGE ĐẶC BIỆT VÀ TỐI ƯU HƠN</h2><p>Khi bạn thuộc đối tượng gầy ốm, ăn nhiều vẫn không thể tăng cân, hoặc không thể hấp thụ được thức ăn, rối loạn men tiêu hóa, hệ tiêu hóa kém, làm biếng ăn, quên ăn, bị dị ứng lactose, không uống được nhiều sữa, không có thời gian ăn do công việc bận rộn thì <strong>Super Huge</strong> sẽ giúp bạn thay thế một bữa ăn đầy đủ dinh dưỡng, no lâu hơn, và các loại enzyme tiêu hóa giúp hấp thu tối đa để tăng cân và tăng cơ.&nbsp;<br>Khi bạn tập luyện cường độ cao, với mong muốn tăng khối lượng cơ một cách tối đa, bạn luôn tự đặt câu hỏi “Làm sao nạp đủ số lượng calories trong ngày, để đạt được mục tiêu đó”. Nếu bạn cũng gặp khó khăn như trên đây, dù lịch trình tập luyện nghiêm túc, nhưng thật khó để có thể lấy nhiều calories như vậy từ các bữa ăn hằng ngày. Thì <strong>Super Huge</strong> cung cấp cho bạn 1220 calories, có thể pha chung với sữa tươi và kết hợp chế độ ăn tự nhiên.&nbsp;<br>Khi bạn muốn đi tìm một loại mass cao năng lượng với thành phần lý tưởng để giúp tăng cân – tăng cơ nhanh và phải hạn chế lên mỡ, hòa tan tốt, và hương vị ngon để cảm nhận sự hứng thú và thưởng thức, vị giác dễ chịu.</p><p>Với việc không sử dụng đường trong sản phẩm kết hợp nguồn carb phức, giàu xơ và không làm tăng mỡ sẽ giúp bạn hạn chế được việc lên mỡ hơn. Bạn sẽ tăng cân tăng cơ nhanh, thân hình chắc khỏe, vạm vỡ, chứ không béo phì, không lên nhiều mỡ thừa hay không béo tròn. Để đạt được hiệu quả trên Hanny Rambod của Evogen đã xây dựng công thức và các thành phần cực kỳ chất lượng trong 1 liều dùng:&nbsp;<br>1220 calories nguồn năng lượng cao giúp tăng cân nhanh&nbsp;<br>50 gram nguồn protein hoàn chỉnh nhanh đến chậm từ whey protein và casein protein , không chứa protein từ thực vật, hay bò, trứng&nbsp;<br>22 gram EAAs giúp tổng hợp phát triển những khối cơ nạc, và phục hồi&nbsp;<br>10 gram BCAAs phục hồi nhanh, phát triển cơ bắp&nbsp;<br>Hỗn hợp enzyme hoàn hảo POTENT EVOZYME chứa enzyme giúp hấp thu protein enzym protease , enzyme lactase giúp hấp thu đường lactose trong sữa.&nbsp;<br>Không bỏ thêm vào đường trắng, CEO Hanny Rambod đã khẳng định đanh thép trên nhãn “ No added sugar”&nbsp;<br>Nguồn tinh bột chất lượng cao, tinh khiết, giàu xơ, dễ hấp thu và không gây mập, hạn chế lên mỡ như : Maltodextrin, đậu hà lan, bột yến mạch&nbsp;<br>5g Lucine giúp tăng tổng hợp protein và tăng trưởng cơ bắp&nbsp;<br>17 liều dùng&nbsp;<br>Hương vị chocolate ngọt đậm đà, nhưng không gắt và không ngán, không có dư âm đắng, hay ngọt gắt ở cổ.&nbsp;<br>Hương vanilla thanh khiết, hương vị vanilla kết hợp hương đậu, đậm đà, thanh khiết kiểu thiên nhiên giống sữa tươi.&nbsp;<br>Dễ dàng hòa tan hơn nhiều so với các dòng mass cao năng lượng khác, với 2 muỗng và hơn 350ml nước trong bình shaker&nbsp;<br>Không chứa gluten thành phần từ tinh bột dễ gây dị ứng hoặc đầy bụng, khó tiêu cho hệ tiêu hóa&nbsp;<br>Không chứa các chất độn creatine và amino spiking những thành phần rẻ tiền với mục đích độn protein một cách giả tạo&nbsp;<br>Bao bì sang trọng, cứng cáp, bền, chắc, thiết kế sang chảnh&nbsp;<br>Bột mịn màng, thơm&nbsp;<br>Muỗng của sản phẩm kích cỡ trung bình, không lớn</p><h2>ĐIỂM KHÁC BIỆT VƯỢT TRỘI CỦA SUPER HUGE VỚI CÁC DÒNG MASS KHÁC</h2><p>&nbsp;</p><p>Dễ hòa tan hơn rất nhiều, với 2 muỗng bột chỉ cần lắc nhẹ đã tan tốt hơn&nbsp;<br>&nbsp;</p><p>&nbsp;</p><p>Hương vị thanh khiết, không ngán, không để lại dư âm gắt, hay đắng ở cổ&nbsp;<br>&nbsp;</p><p>&nbsp;</p><p>Công nghệ enzyme độc quyền evozym giúp hấp thu trọn vẹn protein và đường lactose&nbsp;<br>&nbsp;</p><p>&nbsp;</p><p>Công nghệ tinh bột Carb10 chứa nguồn tinh bột phức cao cấp không gây mập hay lên mỡ hỗn hợp Malto, bột yến mạch, đậu hà lan&nbsp;<br>&nbsp;</p><p>&nbsp;</p><p>Giàu EAA, thành phần xây dựng phát triển những khối cơ nạc&nbsp;<br>&nbsp;</p><p>&nbsp;</p><p>Evogen khẳng định không bỏ đường tinh luyện vào sản phẩm, một thành phần được cho là dễ gây mập, lên mỡ&nbsp;<br>&nbsp;</p><p>&nbsp;</p><p>Không các chất độn protein như amino spiking và chất độn creatine</p><h3>HƯỚNG DẪN SỬ DỤNG:</h3><p>1220 calo/5 muỗng --&gt;244 calo/muỗng.&nbsp;<br>Uống đủ liều: 5 muỗng/ngày1-2 muỗng/lần (1 muỗng pha tương ứng 200ml nước lọc, có thể điều chỉnh thêm/ giảm nước để có được khẩu vị phù hợp nhất).&nbsp;<br>Các thời điểm uống: sáng mới ngủ dậy, trước tập 1 tiếng, sau tập và những lúc bụng đói.&nbsp;<br>Nếu uống 2 muỗng/lần no hoặc đầy bụng vì quá no , thì giảm uống 1 muỗng/lần.</p><h3>Chú ý:</h3><p>Với vị vanilla sẽ ngọt hơn so với vị chocolate, do vậy bạn nên pha 2 muỗng hương vanilla với 500ml nước đầy bình. Nếu bạn cảm thấy 2 muỗng là quá no quá nhiều với mình thì bạn có thể giảm bột là 1-1,5 muỗng pha với hơn 350ml nước lọc,bạn có thể sử dụng máy sinh tố để dùng <strong>SUPER HUGE</strong> cùng trái cây, các loại hạt, hoặc các nguồn dinh dưỡng khác bạn thích.&nbsp;<br>Để đạt hiệu quả tốt nhất, bạn hãy kết hợp <strong>SUPER HUGE</strong> cùng thực đơn ăn uống cân bằng dinh dưỡng cùng chế độ tập luyện phù hợp.&nbsp;<br>Tham vấn chuyên gia y tế nếu trước đó bạn có vấn đề về sức khỏe</p><h3>Cảnh báo:</h3><p>Bạn không nên uống sản phẩm khi mới ăn bữa chính xong, hoặc ngược lại hay không nên dùng khi bụng còn no. Nên sử dụng đúng liều dùng 5 muỗng/ngày mới đạt hiệu quả Với phụ nữ chỉ nên uống 1-1,5 muỗng/lần , và chia ra nhiều thời điểm uống trong ngày đến khi đủ 5 muỗng/ngày để đạt được hiệu quả calories nạp vào cao nhất, sẽ giúp tăng cân nhanh nhất</p><p><i>Sản phẩm được sản xuất và phát triển bởi nhà sáng tạo Hanny Rambod của hãng Evogen Mỹ - nhà vô địch physiques hơn 20 năm đã tập luyện theo chương trình tập luyện FST-7 do chính ông sáng tạo ra, và giáo án tập luyện nay đã trở nên nổi tiếng thế giới.Hanny Rambod tự hào về các dòng sản phẩm mà ông sáng tạo ra để dành cho các vận động viên và những khách hàng VIP, những khách hàng tập luyện chuyên nghiệp cần đến những sản phẩm chất lượng , tinh khiết nhất trên toàn cầu. Các sản phâm của ông không hề dễ dàng cạnh tranh về giá với các sản phẩm khác trên thị trường hiện nay, vì từng thành phàn trong sản phẩm đều có chất lượng cao, sử dụng công nghệ tiên tiến nhất, và tinh khiết nhất, không cho vào các chất độn vì mục đích kinh tế và quảng cáo như xu hướng các nhãn hiệu thị trường. Tuy nhiên ông vẫn quyết tâm phát triển và sản xuất những dòng sản phẩm của mình để dành cho những khách hàng thực sự trân trọng và đặt chất lượng, độ tinh khiết và hiệu quả lên hàng đầu. Ông muốn những sản phẩm của ông sẽ duy nhất thiết lập nên tiêu chuẩn của độ tinh khiết, và chất lượng cao.</i></p><p>Các sản phẩm của Evogen đã có mặt trên hàng chục quốc gia trên thế giới và trong đó công ty TNHH Thương Mại BBT được tự hào là nhà phân phối độc quyên duy nhất ở Việt Nam tại địa chỉ :&nbsp;<br>♦ BBT Bình Tân: 107-109 đường số 6, phường Bình Trị Đông B, quận Bình Tân, TP HCM&nbsp;<br>♦ BBT Hiệp Phú: 10 Trương Văn Thành, phường Hiệp Phú, quận 9, TP HCM&nbsp;<br>♦ BBT Hiệp Thành: 535 Lê Văn Khương, Hiệp Thành, Quận 12, TP HCM&nbsp;<br>♦ BBT Quận 7: 102 Lý Phục Man, Phường Bình Thuận, Quận 7, TP HCM</p><p><strong>Chú ý:</strong> Sản phẩm này là thực phẩm bổ sung, không phải thuốc chữa bệnh, không dùng để thế thuốc chữa bệnh. Sản phẩm này được đăng ký tại Cục Vệ sinh an toàn thực phẩm trực thuộc Bộ Y tế và đã được kiểm tra tại Chi cục hải quan Thành Phố Hồ Chí Minh cũng như xét nghiệm các chỉ tiêu sức khỏe tại Các công ty giám định chất lượng được cho phép của Bộ Y Tế Việt Nam. Sản phẩm phân phối ra thị trường đảm bảo có tem chống Hàng giả của Bộ công an và nhãn phụ sản phẩm của công ty BBT</p><p><strong>BBT</strong> là công ty phân phối độc quyền nhãn hàng này trên phạm vi toàn quốc. Nhằm bảo đảm không mua phải hàng gian, hàng giả vui lòng kiểm tra tem Chống hàng giả của Bộ Công an, nhãn phụ sản phẩm của công ty BBT và thẻ cào nhắn tin xác nhận sản phẩm (3 tem tất cả). Nếu có bất kỳ dấu hiệu nghi ngờ bạn hãy gọi điện thoại về tổng đài 19002050 để được tư vấn (giờ hành chính). Hãy đăng kí thành viên và chọn chức năng mua hàng trực tuyến để được chúng tôi chăm sóc tốt hơn cũng như hưởng nhiều ưu đãi hơn.</p>', 0, '2020-03-17 15:37:56', NULL, 0, NULL),
(25, 'Nutrex Mass Infusion bịch lớn 5.45kg', 2, 4, 14000000, 14000000, 0, 'complete-pro-75', '2020031744012.jpg', NULL, NULL, NULL, 0, 'Mass Infusion chứa nhiều protein và khoáng chất hỗ trợ tăng cân, tăng cơ nhanh vô cùng hiệu quả..', '<p><strong>MASS INFUSION</strong> là một công thức tăng cân cải tiến, cung cấp cho cơ thể 50g protein chất lượng cao, 1120 calo và 200g carb trong mỗi liều dùng. Công thức dinh dưỡng này vô cùng lý tưởng dành cho những ai có nhu cầu tăng cân nhanh, trở nên to khỏe và mạnh mẽ hơn. MASS INFUSION chứa 3 nguồn protein khác nhau: Whey Protein Concentrate, Hydrolyzed Whey Protein, Micellar Casein hỗ trợ tăng cân tốt hơn.</p><figure class=\"image\"><img src=\"https://www.thol.com.vn/pub/media/wysiwyg/banner-product/nutrex-mass-infusion.jpg\" alt=\"mass infusion tăng cân tăng cơ nhanh thol\"></figure><p><strong>- Mass Infusion hỗ trợ tăng cân, tăng cơ hiệu quả -</strong></p><p>Mass infusion còn cung cấp rất nhiều axit amin thiết yếu vốn là nguồn nguyên liệu xây dựng và phát triển cơ bắp quý giá mà cơ thể chúng ta không thể tự tổng hợp được . Mass Infusion có thể được sử dụng trước tập, sau tập hoặc cũng có thể là bữa ăn thay thế trong ngày, hỗ trợ tốt nhất cho người gầy, thiếu cân, tăng cân nhanh kết hợp tăng cơ hiệu quả.</p><p><strong>Ưu điểm vượt trội khi sử dụng Mass Infusion:</strong></p><ul><li>8,1g Glutamin giúp phục hồi nhanh, chống dị hoá, tổng hợp &amp; phát triển cơ.</li><li>10g BCAA - thúc đẩy sự tăng trưởng cơ bắp và nâng cao hiệu suất tập luyện.</li><li>Đối với những người bị dị ứng Lactose có trong sữa, việc hấp thụ chất khi sử dụng chung với Mass Infusion sẽ không còn là vấn đề.</li><li>Vị rất ngon như milo - uống là ghiền.</li><li>Nguồn protein cao cấp nhất đều từ whey protein và casein.</li><li>Chứa Enzym tiêu hoá lactase, hỗ trợ tiêu hóa và hấp thu tốt hơn.</li></ul><p><strong>Mass Infusion</strong> hướng đến mục tiêu hỗ trợ tăng độ lean, độ nét cơ bắp, nên sản phẩm chứa rất ít chất béo cũng như carbohydrate. Ngoài ra, mùi vị ngon và pha chế dễ dàng cũng là điểm nổi bật đáng kể của sản phẩm này.</p><figure class=\"image\"><img src=\"https://www.thol.com.vn/media/wysiwyg/banner_massinfusion_02.jpg\" alt=\"Mass Infusion tăng cân nhanh chóng hiệu quả\"></figure><p><strong>Hướng dẫn sử dụng :</strong></p><p>1120 calo/4 muỗng =&gt; 280 calo/muỗng&nbsp;<br>Uống đủ liều: 4 muỗng/ngày. 1-2 muỗng/lần&nbsp;<br>Nếu uống 2 muỗng/lần no hoặc hơi đầy bụng vì quá no , thì giảm uống 1 muỗng/lần&nbsp;<br>1 muỗng pha tương ứng 200ml nước lọc, có thể điều chỉnh thêm/ giảm nước chút xíu để có được khẩu vị phù hợp nhất.&nbsp;<br>Các thời điểm uống: sáng mới ngủ dậy, sau tập, trước tập 1 tiếng và những lúc bụng đói.</p><p><strong>Cảnh báo: </strong>Nếu bạn đang dùng bất cứ loại thuốc nào hoặc có bất kỳ dấu hiệu bệnh lý , tham khảo ý kiến bác sĩ trước khi sử dụng. Ngừng sử dụng và tham khảo ý kiến bác sĩ của bạn nếu có phản ứng bất lợi xảy ra. Không dành cho người dùng ở độ tuổi dưới 18. Giữ xa tầm với của trẻ em. Lưu trữ ở nhiệt độ phòng và tránh nhiệt quá mức. Không sử dụng nếu lớp bảo dưới nắp bị thủng hoặc mất.</p><p><strong>Chú ý: </strong>Sản phẩm này là thực phẩm bổ sung, không phải thuốc chữa bệnh, không dùng để thế thuốc chữa bệnh. Sản phẩm này được đăng ký tại Cục Vệ sinh an toàn thực phẩm trực thuộc Bộ Y tế và đã được kiểm tra tại Chi cục hải quan Thành Phố Hồ Chí Minh cũng như xét nghiệm các chỉ tiêu sức khỏe tại Các công ty giám định chất lượng được cho phép của Bộ Y Tế Việt Nam. Sản phẩm phân phối ra thị trường đảm bảo có tem chống Hàng giả của Bộ công an và nhãn phụ sản phẩm của công ty BBT</p><p><strong>BBT</strong> là công ty phân phối độc quyền nhãn hàng này trên phạm vi toàn quốc. Nhằm bảo đảm không mua phải hàng gian, hàng giả vui lòng kiểm tra tem Chống hàng giả của Bộ Công an, nhãn phụ sản phẩm của công ty BBT và thẻ cào nhắn tin xác nhận sản phẩm (3 tem tất cả). Nếu có bất kỳ dấu hiệu nghi ngờ bạn hãy gọi điện thoại về tổng đài 19002050 để được tư vấn (giờ hành chính). Hãy đăng kí thành viên và chọn chức năng mua hàng trực tuyến để được chúng tôi chăm sóc tốt hơn cũng như hưởng nhiều ưu đãi hơn.</p>', 0, '2020-03-17 15:40:12', NULL, 0, NULL),
(26, ' Labrada LeanBody bữa ăn thay thế thông minh', 2, 1, 60000000, 60000000, 0, 'LEANBODY80', '2020031744228.jpg', NULL, NULL, NULL, 0, 'Bữa ăn thông minh tăng cơ giảm mỡ, nhanh chóng, tiện lợi, đầy đủ chất dinh dưỡng tăng cơ giảm mỡ', '<p><strong>Lean Body MRP</strong> là 1 dạng bữa ăn thay thế cao cấp và chất lượng nhất trong thị trường thực phẩm bổ sung \"<i>bữa ăn thông minh</i>\" với đầy đủ những dưỡng chất cần thiết từ những nguồn nguyên liệu chất lượng cao vì mục tiêu <strong>TĂNG CƠ GIẢM MỠ</strong> và <strong>TĂNG CƯỜNG SỨC MẠNH</strong>, dành cho những vận động viên chuyên nghiệp, những người tập thể hình GYM làm việc văn phòng không có nhiều thời gian chuẩn bị bữa ăn trong ngày.</p><figure class=\"image\"><img src=\"https://www.thol.com.vn/media/wysiwyg/banner_leanbody.jpg\" alt=\"Labrada LeanBody bữa ăn thay thế thông minh - THOL\"></figure><p><strong>Lean Body MRP giúp gì cho bạn?</strong></p><ul><li><strong>Lean Body MRP</strong> giảm mỡ chứa 40g protein chất lượng cao từ hấp thu nhanh đến hấp thu chậm, cung cấp cho bạn 1 dòng chảy amino liên tục nuôi cơ bắp tốt nhất và tăng sức mạnh nhanh nhất.</li><li><strong>Lean Body MRP</strong> chứa 24g tinh bột giàu xơ</li><li><strong>Lean Body MRP</strong> không chứa Maltodextrin</li><li><strong>Lean Body MRP</strong> chứa 8g chất béo Omega cần thiết cho việc đốt mỡ</li><li><strong>Lean Body MRP</strong> 21 Vitamins &amp; Minerals</li><li><strong>Lean Body MRP</strong> không mùi, màu nhân tạo, phụ gia và trans fat. Không chất bảo quản</li></ul><figure class=\"image\"><img src=\"https://www.thol.com.vn/media/wysiwyg/lee-labrada-thumb.jpg\" alt=\"Lee Labrada Vietnam\"></figure><p><br><strong>Lee Labrada</strong> - Founder, Labrada Nutrition IFBB Pro Bodybuilding Hall of Fame -&nbsp;<br>Tôi thiết kế ra Lean Body MRP nhằm cung cấp cho những vận động viên chuyên nghiệp và những ai đam mê thể hình thật sự. Một sản phẩm mang đến sự nhanh chóng tiện lợi, tích hợp tất cả các giải pháp dinh dưỡng thể hình với mục tiêu chính là tăng cơ, giảm mỡ và tăng cường sức khỏe.<br><strong>Lean Body MRP</strong> có thể được sử dụng nhanh chóng và luôn duy trì 1 body săn chắc, khỏe mạnh, cường tráng, rất ít tỉ lệ mỡ trên cơ thể.</p><figure class=\"image\"><img src=\"https://www.thol.com.vn/media/wysiwyg/banner-leanbody.jpg\" alt=\"Leanbody bữa ăn thay thế đầy đủ dưỡng chất - THOL\"></figure><p><strong>Những thử nghiệm Lean Body MRP :</strong></p><p>Một thử nghiệm kéo dài 8 tuần, 1 vị giáo sư tại trung tâm nghiên cứu Labrada thử nghiệm trên những người đàn ông dư cân kết hợp tập luyện thể hình. Sau 8 tuần trung bình họ tăng được 2.6kg cơ nạc và giảm được 6.5kg mỡ thừa. Sản phẩm cũng đã 5 lần đoạt giải American Culinary Institute’s Gold Medal Taste Award; một giải thưởng hương vị uy tín được 611 trường đại học và cao đẳng thể dục thể thao Mỹ công nhận (Lean Body chiếm 80% tổng số phiếu so với các sản phẩm khác).</p><p><strong>Cách sử dụng Lean Body MRP :</strong></p><p>Bạn có thể pha 1 gói (1 liều dùng) Lean Body MRP với 400ml sữa tươi, nước ép hay nước lọc vào máy xay hoặc bình lắc (shaker) cho đến khi bột tan hết. Bạn có thể bỏ thêm đá vào để uống ngon hơn. Bạn có thể sử dụng sản phẩm này như 1 bữa ăn lúc bạn đói, nhưng để đạt được kết quả tốt nhất bạn cần uống 1 lần vào buổi sáng và 1 lần khác vào thời điểm sau khi bạn tập luyện thể hình hoặc thể thao xong (đây là 2 thời điểm vàng để bổ sung, cơ thể bạn cần nhiều chất dinh dưỡng để phục hồi).</p><p><strong>Chú ý: </strong>Sản phẩm này là thực phẩm bổ sung, không phải thuốc chữa bệnh, không dùng để thế thuốc chữa bệnh. Sản phẩm này được đăng ký tại Cục Vệ sinh an toàn thực phẩm trực thuộc Bộ Y tế và đã được kiểm tra tại Chi cục hải quan Thành Phố Hồ Chí Minh cũng như xét nghiệm các chỉ tiêu sức khỏe tại Các công ty giám định chất lượng được cho phép của Bộ Y Tế Việt Nam. Sản phẩm phân phối ra thị trường đảm bảo có tem chống Hàng giả của Bộ công an và nhãn phụ sản phẩm của công ty BBT.</p><p><strong>BBT</strong> là công ty phân phối độc quyền nhãn hàng này trên phạm vi toàn quốc. Nhằm bảo đảm không mua phải hàng gian, hàng giả vui lòng kiểm tra tem Chống hàng giả của Bộ Công an, nhãn phụ sản phẩm của công ty BBT và thẻ cào nhắn tin xác nhận sản phẩm (3 tem tất cả). Nếu có bất kỳ dấu hiệu nghi ngờ bạn hãy gọi điện thoại về tổng đài 19002050 để được tư vấn (giờ hành chính). Hãy đăng kí thành viên và chọn chức năng mua hàng trực tuyến để được chúng tôi chăm sóc tốt hơn cũng như hưởng nhiều ưu đãi hơn.</p>', 0, '2020-03-17 15:42:28', NULL, 0, NULL),
(27, 'S.A.N Mass Effect Revolution bịch 5.9kg', 2, 5, 1800000, 1800000, 0, 'MASSEFFECT13', '2020031744404.jpg', NULL, NULL, NULL, 0, 'Mass Effect cao năng lượng siêu sạch, 50g protein, ít béo,nhiều xơ,5g creatine giúp tổng hợp cơ bắp,chống dị hóa cơ..', '<p><strong>Những Điểm Nổi Bật Ở Mass Effect Revolution</strong></p><ul><li>50g protein 1 khẩu phần(liều dùng)</li><li>Chỉ có 9g đường trong 1 khẩu phần</li><li>Cân bằng protein đồng hóa và chống dị hóa</li><li>Nguồn carbohdrate giàu xơ</li><li>Chứa protein từ whey, sữa và casein</li><li>1105 calories trong 1 liều dùng1</li><li>5g creatine</li><li>Thiết kế bịch lớn 5.9kg chưa 20 liều dùng</li></ul><figure class=\"image\"><img src=\"https://www.thol.com.vn/media/wysiwyg/mass-effect-banner.jpg\" alt=\"Mass Effect Revolution tăng cân tăng cơ đẳng cấp nhất\"></figure><p><strong>Nạp Đủ Năng Lượng Để Xây Dựng Cơ Bắp</strong></p><p>\"Xây dựng những sợi cơ chất lượng cần phải có nguồn năng lượng chất lượng\", để có được 1 bữa ăn giàu calories để tăng cân không phải là vấn đề khó, cái khó ở đây là chất lượng bữa ăn, các thành phần dinh dưỡng đến từ bữa ăn đó liệu có thật sự phát triển cơ bắp hay không? Hay chỉ mang về cho bạn cân nặng từ các thành phần không mong muốn ?</p><p>Thêm 1 yếu tố khó khăn nữa là không phải lúc nào bạn cũng có thể chuẩn bị đầy đủ 1 bữa ăn chất lượng giàu calories để mang theo bên mình, những lúc như vậy bạn càng cần đến những sản phẩm mass cao năng lượng, và chúng tôi mang đến cho bạn <strong>MassEffect Revolution</strong>.</p><p>Để đảm bảo cho quá trình đồng hóa và chống dị hóa cơ, nguồn protein chất lượng cao thật sự là cần thiết phải có. Đó là lý do tại sao Mass Effect Revolution được thiết kế với Mass Effect OctaPure8 Protein Fusion cho 1 sự cân bằng protein hoàn chỉnh.</p><p>Whey protein isolate hydrolyzed hấp thu nhanh, whey protein isolate, whey protein concentrate và SPI-90 giúp làm post workout phục hồi cơ bắp và thể lực ngay sau buổi tập hiệu quả, sửa chửa những tế bào bị hư hại đây là đồng hóa. Bên cạnh đó các dòng casein protein (Micellar casein, milk protein isolate and calcium caseinate) hấp thu chậm hơn sẽ giúp cơ bắp chống lại trạng thái dị hóa.</p><p>Mục tiêu của Mass Effect Revolution là xây dựng khối cơ nạc chất lượng cao, vì vậy chuỗi MyoCarb gồm các nguồn carbohydrate phức tạp nuôi dưỡng cơ bắp (cám gạo mầm và các loại hạt dường như không có đường).</p><p>Một lý do để cơ bắp phát triển và tăng sức mạnh nữa là trong mỗi liều Mass Effect Revolution chứa 5g creatine giúp bạn tập mạnh hơn qua đó cơ bắp sẽ to hơn. <strong>Mass Effect Revolution</strong> là 1 giải pháp tăng cơ bắp nhiều nhất trong khoảng thời gian ngắn nhất có thể.</p><p><strong>Hướng dẫn sử dụng Mass Effect:</strong></p><p>1105 calo/8 muỗng =&gt;138 calo/muỗng&nbsp;<br>Uống đủ liều: 8 muỗng/ngày. 2-3 muỗng/lần.&nbsp;<br>Nếu uống 3 muỗng/lần no hoặc hơi đầy bụng vì quá no =&gt; giảm uống 2 muỗng/lần&nbsp;<br>1 muỗng pha tương ứng 200ml nước lọc, có thể điều chỉnh thêm/ giảm nước chút xíu để có được khẩu vị phù hợp nhất&nbsp;<br>Các thời điểm uống: sáng mới ngủ dậy, sau tập, trước tập 1 tiếng và những lúc bụng đói.</p><p><strong>Cảnh báo:</strong> Nếu bạn không hấp thu được sữa, vui lòng pha Mass Effect Revolution với nước mà thôi. Thực hiện theo hướng dẫn trên nhãn và không vượt quá liều lượng tối đa như trên. Không sử dụng nếu nắp hộp đã bị tháo và lớp bảo vệ bên trong không còn nữa. <strong>TRÁNH XA TẦM TAY TRẺ EM</strong>. Lưu trữ ở nơi khô, mát.</p><p><strong>BBT</strong> là công ty phân phối độc quyền nhãn hàng này trên phạm vi toàn quốc. Nhằm bảo đảm không mua phải hàng gian, hàng giả vui lòng kiểm tra tem Chống hàng giả của Bộ Công an, nhãn phụ sản phẩm của công ty BBT và thẻ cào nhắn tin xác nhận sản phẩm (3 tem tất cả). Nếu có bất kỳ dấu hiệu nghi ngờ bạn hãy gọi điện thoại về tổng đài 19002050 để được tư vấn (giờ hành chính). Hãy đăng kí thành viên và chọn chức năng mua hàng trực tuyến để được chúng tôi chăm sóc tốt hơn cũng như hưởng nhiều ưu đãi hơn.</p>', 0, '2020-03-17 15:44:04', NULL, 0, NULL),
(28, 'RSP TrueGain - Tăng cân hạn chế mỡ', 2, 2, 10000, 1099000, 0, 'RSPTRUEGAIN', '2020031744946.jpg', NULL, NULL, NULL, 0, 'TrueGain - với hơn 50g protein và hơn 1200g calories mỗi serving, đảm bảo tăng cân tăng cơ nhanh hiệu quả', '<p>&nbsp;&nbsp;&nbsp;&nbsp;Nếu bạn muốn tìm 1 sản phẩm tăng cân một cách an toàn thì đừng tìm đâu xa, <strong>TrueGain</strong> đã có mặt ở đây. Với 50g protein và 1,210 calories trong mỗi liều dùng, TrueGain chứa đựng tất cả những gì bạn cần vào trong 1 chiếc shaker tiện lợi, bổ sung nhiên liệu nhanh chóng cho cơ thể của bạn sau khi tập luyện..&nbsp;</p><figure class=\"image\"><img src=\"https://www.thol.com.vn/media/wysiwyg/banner-truegain-02.jpg\" alt=\"TrueGain - Mass Gainer tăng cân tăng cơ cao cấp\"></figure><p>Được sản xuất với liều lượng khổng lồ: 1,210 calories trong mỗi serving, 50g protein hấp thu nhanh và chậm, <strong>true gain</strong> là giải pháp lý tưởng để cung cấp nhiên liệu cho sự phát triển của cơ bắp, hỗ trợ tăng cân 1 cách chất lượng và tối đa hóa phục hồi. RSP TrueGain chứa 3 nguồn protein khác nhau: Milk Protein Concentrate, Whey Protein Concentrate, Whey Protein Isolate hỗ trợ tăng cân nhanh tốt hơn.</p><p><strong>Ưu điểm vượt trội khi sử dụng mass gainer TrueGain:</strong></p><ul><li>8g Glutamin &amp; Glutamic acid tự nhiên giúp phục hồi nhanh, chống dị hoá, tổng hợp &amp; phát triển cơ.</li><li>10g BCAA tự nhiên: thúc đẩy sự tăng trưởng cơ bắp và nâng cao hiệu suất tập luyện.</li><li>Vị chocolate rất ngon như milo - uống là ghiền.</li><li>50g Protein cao cấp nhất từ whey protein .</li><li>Chứa hơn 1200 calo trong mỗi liều dùng: hỗ trợ tăng cân nhanh hiệu quả.</li></ul><figure class=\"image\"><img src=\"https://www.thol.com.vn/media/wysiwyg/banner-truegain.jpg\" alt=\"true gain - mass gainer chất lượng đẳng cấp thành phần khủng\"></figure><p><strong>Hướng dẫn sử dụng mass RSP truegain:</strong></p><p>- 1210 calo/2 muỗng --&gt; &gt;302 calo/nửa muỗng&nbsp;<br>- Uống đủ liều: 2 muỗng/ngày. Một nửa muỗng /lần--&gt; 4 lần/ngày (1 muỗng pha tương ứng 200ml nước lọc, có thể điều chỉnh thêm/ giảm nước chút xíu để có được khẩu vị phù hợp nhất).&nbsp;<br>- Các thời điểm uống: Sáng mới ngủ dậy, sau tập và những lúc bụng đói.</p><p>Sản phẩm RSP TrueGain được phân phối độc quyền bởi Công ty TNHH Thương Mại BBT, đảm bảo an toàn về chất lượng cũng như thành phần. Gọi ngay đến hotline: 19002050 để được tư vấn và mua Mass RSPTrueGain tăng cân tăng cơ ngay hôm nay với giá cực kì ưu đãi.</p><p><strong>Chú ý:</strong> Sản phẩm này là thực phẩm bổ sung, không phải thuốc chữa bệnh, không dùng để thế thuốc chữa bệnh. Sản phẩm này được đăng ký tại Cục Vệ sinh an toàn thực phẩm trực thuộc Bộ Y tế và đã được kiểm tra tại Chi cục hải quan Thành Phố Hồ Chí Minh cũng như xét nghiệm các chỉ tiêu sức khỏe tại Các công ty giám định chất lượng được cho phép của Bộ Y Tế Việt Nam. Sản phẩm phân phối ra thị trường đảm bảo có tem chống Hàng giả của Bộ công an và nhãn phụ sản phẩm của công ty BBT</p><p><strong>BBT</strong> là công ty phân phối độc quyền nhãn hàng này trên phạm vi toàn quốc. Nhằm bảo đảm không mua phải hàng gian, hàng giả vui lòng kiểm tra tem Chống hàng giả của Bộ Công an, nhãn phụ sản phẩm của công ty BBT và thẻ cào nhắn tin xác nhận sản phẩm (3 tem tất cả). Nếu có bất kỳ dấu hiệu nghi ngờ bạn hãy gọi điện thoại về tổng đài 19002050 để được tư vấn (giờ hành chính). Hãy đăng kí thành viên và chọn chức năng mua hàng trực tuyến để được chúng tôi chăm sóc tốt hơn cũng như hưởng nhiều ưu đãi hơn.</p>', 0, '2020-03-17 15:49:46', NULL, 0, NULL),
(29, 'S.A.N RawFusion hộp lớn 1.88kg', 2, 5, 1165000, 2265000, 0, 'RAWFUSION4', '2020031745211.jpg', NULL, NULL, NULL, 0, 'Protein thực vật cao cấp không đậu nành, sữa và động vật, dễ tiêu hóa hấp thu, không biến đổi gen,ăn chay thuần túy, mùi vị ngon\r\n', '<figure class=\"image\"><img src=\"https://www.thol.com.vn/pub/media/wysiwyg/RAWFUSION2-nho.jpg\" alt=\"Rawfusion protein thực vật tăng cơ đỉnh cao \"></figure><p><strong>Ăn Chay Không dễ dàng dành cho Vận Động Viên</strong></p><p>Trong quá khứ, dinh dưỡng thuần chay sẽ là nổi ám ảnh cho các vận động viên, họ thường xuyên thiếu hụt protein trong chế độ ăn hằng ngày của mình và bạn sẽ cảm thấy lẻ loi trên con đường xây dựng vóc dáng của mình, các loại thực phẩm bỏ sung protein thường quay lưng lại với người ăn chay</p><p>Sau hơn 1 năm nghiên cứu và đột phá công nghệ mới, SAN đã cho ra đời 1 sản phẩm bổ sung protein thuần chay không gây biến đổi gen, haonf toàn hữu cơ và không chứa chất gây dị ứng, đồng thời cung cấp đến 21g protein có chỉ số sinh học cao bổ sung vào chế độ dinh dưỡng hằng ngày của bạn..</p><p><strong>Protein trong RawFusion đến từ đâu?</strong></p><p>RawFusion sở hữu 1 công thức pha trộn độc quyền các nguồn protein isolate từ: đậu Hà Lan, mầm gạo nâu và hoa atiso và dầu hướng dương giàu EFA được cấp bằng sáng chế, thật là lý tưởng cho người ăn chay. Trên thực tế với hơn 4g BCAA mỗi khẩu phần, thành phần axit amin của RawFusion giống như thành phần axit amin của protein sữa.</p><figure class=\"image\"><img src=\"https://www.thol.com.vn/pub/media/wysiwyg/RAWFUSION3-nho.jpg\" alt=\"S.A.N RawFusion hộp lớn tăng cơ tốt cho sức khỏe\"></figure><p><strong>Bảng so sánh các tính năng vượt trội của RawFusion so với các nguồn protein khác</strong></p><p>&nbsp;</p><p><strong>Những điểm nổi bật ở RawFusion</strong></p><ul><li>Không chứa protein có nguồn gốc từ sữa, đậu nành và động vật.</li><li>100% protein thực vật cao cấp.</li><li>Mùi vị ngon và dễ pha chế.</li><li>Duy trì sức khỏe và phát triển cơ bắp tốt.</li><li>21g protein trong khẩu phần</li></ul><p><strong>RawFusion là 1 công thức ăn chạy tuyệt đỉnh dành cho những người muốn có 1 cuộc sống khỏe mạnh, mặt khác sản phẩm rất phù hợp với người lớn tuổi, người khó hấp thu và phụ nữ trẻ em.</strong></p><figure class=\"image\"><img src=\"https://www.thol.com.vn/pub/media/wysiwyg/RAWFUSION4-nho.jpg\" alt=\"\"></figure><p><strong>Sản phẩm dùng được cho người ăn chay và rất thích hợp dành cho phái nữ</strong></p><p><strong>Hướng dẫn sử dụng</strong></p><p>Hòa tan 1-2 muỗng RawFusion vào trong 250-500ml chất lỏng yêu thích (nước lạnh hoặc nước ép trái cây) vào trong bình lắc (shaker) lắc đều cho tới khi bột hòa tan và sử dụng ngay. Dùng từ 1-3 lần 1 ngày theo các thời điểm ưu tiên sau: ngay sau tập, ngay sau thức dậy vào buổi sáng, trước khi tập 90p (hoặc có thể dùng vào bất kỳ thời điểm nào cơ thể cần bổ sung protein). Bảo quản sản phẩm khô ráo thoáng mát, không để nước lọt vào bột trong bình.</p><p><strong>Cảnh báo: </strong>Không dùng cho phụ nữ có thai thai hoặc cho con bú. Ngừng sử dụng và ngay lập tức liên hệ với dịch vụ chăm sóc sức khỏe chuyên nghiệp của bạn nếu bạn gặp bất kỳ phản ứng bất lợi đến sản phẩm này. Thực hiện theo hướng dẫn trên nhãn và không vượt quá liều lượng tối đa như trên. Không sử dụng nếu nắp hộp đã bị tháo và lớp bảo vệ bên trong không còn nữa. <strong>TRÁNH XA TẦM TAY TRẺ EM </strong>. Lưu trữ ở nơi khô, mát.</p><p><strong>Chú ý: </strong>Sản phẩm này là thực phẩm bổ sung, không phải thuốc chữa bệnh, không dùng để thế thuốc chữa bệnh. Sản phẩm này được đăng ký tại Cục Vệ sinh an toàn thực phẩm trực thuộc Bộ Y tế với số giấy phép <strong>19881/2015/ATTP-XNCB </strong>và đã được kiểm tra tại Chi cục hải quan Thành Phố Hồ Chí Minh cũng như xét nghiệm các chỉ tiêu sức khỏe tại Các công ty giám định chất lượng được cho phép của Bộ Y Tế Việt Nam. Sản phẩm phân phối ra thị trường đảm bảo có tem chống Hàng giả của Bộ công an và nhãn phụ sản phẩm của công ty BBT.</p><p>BBT là công ty phân phối độc quyền nhãn hàng này trên phạm vi toàn quốc. Nhằm bảo đảm không mua phải hàng gian, hàng giả vui lòng kiểm tra tem Chống hàng giả của Bộ Công an, nhãn phụ sản phẩm của công ty BBT và thẻ cào nhắn tin xác nhận sản phẩm (3 tem tất cả). Nếu có bất kỳ dấu hiệu nghi ngờ bạn hãy gọi điện thoại về tổng đài 19002050 để được tư vấn (giờ hành chính). Hãy đăng kí thành viên và chọn chức năng mua hàng trực tuyến để được chúng tôi chăm sóc tốt hơn cũng như hưởng nhiều ưu đãi hơn.</p>', 0, '2020-03-17 15:52:11', NULL, 0, NULL),
(30, 'S.A.N RawFusion 454g (dạng hộp 1lbs)', 2, 5, 600000, 690000, 0, 'RAWFUSION1', '2020031745421.jpg', NULL, NULL, NULL, 0, 'Cải thiện sức khỏe tim mạch, hạ cholesterol, bổ sung protein lành tính, dễ tiêu hóa và hấp thu. Làm quà tặng người thân', '<figure class=\"image\"><img src=\"https://www.thol.com.vn/pub/media/wysiwyg/RAWFUSION2-nho.jpg\" alt=\"\"></figure><p>&nbsp;</p><p><strong>Ăn Chay Không dễ dàng dành cho Vận Động Viên</strong></p><p>Trong quá khứ, dinh dưỡng thuần chay sẽ là nổi ám ảnh cho các vận động viên, họ thường xuyên thiếu hụt protein trong chế độ ăn hằng ngày của mình và bạn sẽ cảm thấy lẻ loi trên con đường xây dựng vóc dáng của mình, các loại thực phẩm bỏ sung protein thường quay lưng lại với người ăn chay</p><p>Sau hơn 1 năm nghiên cứu và đột phá công nghệ mới, SAN đã cho ra đời 1 sản phẩm bổ sung protein thuần chay không gây biến đổi gen, haonf toàn hữu cơ và không chứa chất gây dị ứng, đồng thời cung cấp đến 21g protein có chỉ số sinh học cao bổ sung vào chế độ dinh dưỡng hằng ngày của bạn..</p><p><strong>Protein trong RawFusion đến từ đâu?</strong></p><p>RawFusion sở hữu 1 công thức pha trộn độc quyền các nguồn protein isolate từ: đậu Hà Lan, mầm gạo nâu và hoa atiso và dầu hướng dương giàu EFA được cấp bằng sáng chế, thật là lý tưởng cho người ăn chay. Trên thực tế với hơn 4g BCAA mỗi khẩu phần, thành phần axit amin của RawFusion giống như thành phần axit amin của protein sữa.</p><figure class=\"image\"><img src=\"https://www.thol.com.vn/pub/media/wysiwyg/RAWFUSION3-nho.jpg\" alt=\"\"></figure><p><strong>Bảng so sánh các tính năng vượt trội của RawFusion so với các nguồn protein khác</strong>&nbsp;</p><p>&nbsp;</p><p><strong>Những điểm nổi bật ở RawFusion</strong></p><ul><li>Không chứa protein có nguồn gốc từ sữa, đậu nành và động vật.</li><li>100% protein thực vật cao cấp.</li><li>Mùi vị ngon và dễ pha chế.</li><li>Duy trì sức khỏe và phát triển cơ bắp tốt.</li><li>21g protein trong khẩu phần</li></ul><p><strong>RawFusion là 1 công thức ăn chạy tuyệt đỉnh dành cho những người muốn có 1 cuộc sống khỏe mạnh, mặt khác sản phẩm rất phù hợp với người lớn tuổi, người khó hấp thu và phụ nữ trẻ em.</strong></p><figure class=\"image\"><img src=\"https://www.thol.com.vn/pub/media/wysiwyg/RAWFUSION4-nho.jpg\" alt=\"\"></figure><p><strong>Sản phẩm dùng được cho người ăn chay và rất thích hợp dành cho phái nữ&nbsp;</strong></p><p><strong>Hướng dẫn sử dụng</strong></p><p>Hòa tan 1-2 muỗng RawFusion vào trong 250-500ml chất lỏng yêu thích (nước lạnh hoặc nước ép trái cây) vào trong bình lắc (shaker) lắc đều cho tới khi bột hòa tan và sử dụng ngay. Dùng từ 1-3 lần 1 ngày theo các thời điểm ưu tiên sau: ngay sau tập, ngay sau thức dậy vào buổi sáng, trước khi tập 90p (hoặc có thể dùng vào bất kỳ thời điểm nào cơ thể cần bổ sung protein). Bảo quản sản phẩm khô ráo thoáng mát, không để nước lọt vào bột trong bình.</p><p><strong>Cảnh báo: </strong>Sản phẩm này được chỉ định để được sử dụng cho người lớn khỏe mạnh 18 tuổi trở lên. Không dùng cho phụ nữ có thai thai hoặc cho con bú. Ngừng sử dụng và ngay lập tức liên hệ với dịch vụ chăm sóc sức khỏe chuyên nghiệp của bạn nếu bạn gặp bất kỳ phản ứng bất lợi đến sản phẩm này. Thực hiện theo hướng dẫn trên nhãn và không vượt quá liều lượng tối đa như trên. Không sử dụng nếu nắp hộp đã bị tháo và lớp bảo vệ bên trong không còn nữa. <strong>TRÁNH XA TẦM TAY TRẺ EM </strong>. Lưu trữ ở nơi khô, mát.</p><p><strong>Chú ý: </strong>Sản phẩm này là thực phẩm bổ sung, không phải thuốc chữa bệnh, không dùng để thế thuốc chữa bệnh. Sản phẩm này được đăng ký tại Cục Vệ sinh an toàn thực phẩm trực thuộc Bộ Y tế với số giấy phép <strong>6752/2016/ATTP-XNCB</strong> và đã được kiểm tra tại Chi cục hải quan Thành Phố Hồ Chí Minh cũng như xét nghiệm các chỉ tiêu sức khỏe tại Các công ty giám định chất lượng được cho phép của Bộ Y Tế Việt Nam. Sản phẩm phân phối ra thị trường đảm bảo có tem chống Hàng giả của Bộ công an và nhãn phụ sản phẩm của công ty BBT.</p><p>BBT là công ty phân phối độc quyền nhãn hàng này trên phạm vi toàn quốc. Nhằm bảo đảm không mua phải hàng gian, hàng giả vui lòng kiểm tra tem Chống hàng giả của Bộ Công an, nhãn phụ sản phẩm của công ty BBT và thẻ cào nhắn tin xác nhận sản phẩm (3 tem tất cả). Nếu có bất kỳ dấu hiệu nghi ngờ bạn hãy gọi điện thoại về tổng đài 19002050 để được tư vấn (giờ hành chính). Hãy đăng kí thành viên và chọn chức năng mua hàng trực tuyến để được chúng tôi chăm sóc tốt hơn cũng như hưởng nhiều ưu đãi hơn.</p>', 0, '2020-03-17 15:54:21', NULL, 0, NULL);
INSERT INTO `products` (`id_prod`, `name_prod`, `cate_id`, `comp_id`, `price`, `price_manu`, `discount`, `barcode`, `image`, `thumbnail`, `image_relate`, `image_certifi`, `count`, `uses_prod`, `description`, `flag`, `created`, `modified`, `user_created`, `user_modified`) VALUES
(31, 'Labrada LeanBody For Her - Bữa ăn thay thế cho phái đẹp (80 Gói)', 2, 1, 3500000, 0, 0, 'LEANBODYFORHER', '2020031745759.jpg', NULL, NULL, NULL, 0, 'LeanBody MRP For Her cung cấp năng lượng cùng nhiều vitamin khoáng chất giúp phụ nữ có 1 cơ thể săn chắc, thon gọn\r\n', '<p>Đối với một sản phẩm được thiết kế cho mọi đối tượng nam nữ sử dụng thì mọi thành phần đều được xây dựng theo tỷ lệ trung bình nam-nữ, không chuyên biệt công thức hay hàm lượng cho một giới tính nhất định nào.&nbsp;<br>Một số thành phần mà nữ giới quan ngại trong các sản phẩm cho mọi đối tượng nam nữ như: creatine, cafein (hàm lượng cao), các vitamin khoáng chất cần thiết cho nữ như: sắt, vitamin C, E,D, Acidfolic thì không cao như mong đợi. Đặc biệt hơn các sản phẩm có chứa các thành phần giúp tăng&nbsp;hormone nam tự nhiên hay tăng sức mạnh thì phái nữ không được dùng.&nbsp;<br>Một tin vui là từ đây phái nữ đã có một sản phẩm giúp giảm mỡ thon gọn nhanh chóng, giữ vòng eo siêu nhỏ, xây dựng đường cong 3 vòng, duy trì săn chắc, đầy đủ dinh dưỡng trong 1 gói có thể thay thế một bữa ăn nhẹ, kiểm soát cơn thèm ăn, dùng bất kỳ lúc nào thấy đói, tiện lợi bất kỳ nơi đâu ngay cả khi đang làm việc trong văn phòng.</p><figure class=\"image\"><img src=\"https://www.thol.com.vn/pub/media/wysiwyg/banner/Labrada---LeanBody-for-Her.jpg\" alt=\"\"></figure><p><strong>Các thành phần được thiết kế chuyên biệt cho nữ giới</strong></p><p>Hàm lượng protein cao đến kinh ngạc: 30g protein /1 gói 48g từ nguồn protein cao cấp đặc biệt cho nữ kết hợp whey protein isolate, whey protein concentrate, soy protein isolate&nbsp;<br>Hàm lượng tinh bột phức giúp no, nhưng lại không hề mập và dễ tiêu hóa, kiểm soát thèm ăn.&nbsp;<br>20 loại vitamin và khoáng chất trong đó các loại vitamin khoáng chất có lợi cho nữ như folic acid, vitamin D, E, canxi, sắt&nbsp;<br>Vị ngọt của sản phẩm là từ đường ăn kiêng, không thêm đường trắng&nbsp;<br>Hàm lượng chất béo từ các loại acid béo tốt giúp thực hiện hoàn hảo chức năng của các bộ phận trong cơ thể mà không gây mập như: dầu hóa hướng dương</p><figure class=\"image\"><img src=\"https://www.thol.com.vn/media/wysiwyg/leanbody-for-her-02.jpg\" alt=\"LeanBody For Her - Bữa ăn giàu protein ít carb giữ dáng cho nữ\"></figure><p><strong>Hướng Dẫn Sử Dụng</strong></p><p>&nbsp;</p><p>Thời điểm vàng sử dụng sản phẩm : buổi sáng thay bữa ăn sáng, những lúc thấy đói và uống liền trong vòng 30 phút sau khi tập luyện xong&nbsp;<br>&nbsp;</p><p>&nbsp;</p><p>Sản phẩm cực kỳ dễ hòa tan , hương vị ngon dễ uống chinh phục ngay cả những cô nàng khó tính nhất. Chỉ cần pha hòa tan 1 gói 49g với 250ml nước là có 1 bữa ăn đầy đủ dinh dưỡng quá tiện lợi mà lại đẹp body&nbsp;<br>&nbsp;</p><p>&nbsp;</p><p>Sau khi uống dù ban ngày hay ban đêm, đều vượt qua thèm ăn và cơn đói rất nhẹ nhàng, không đầy bụng, không to bụng, bụng vẫn nhỏ nhắn, duy trì eo con kiến mà vẫn thỏa mãn cơn thèm ăn đầy đủ dinh dưỡng nhé các nàng .&nbsp;<br>Sản phẩm được thiết kế theo dạng gói 48g tương đương cứ 1 gói là bữa ăn rất tiện lợi có thể bỏ túi và mang đi bất kỳ nơi đâu.</p><p><strong>Chú ý:</strong> Sản phẩm này là thực phẩm bổ sung, không phải thuốc chữa bệnh, không dùng để thế thuốc chữa bệnh. Sản phẩm này được đăng ký tại Cục Vệ sinh an toàn thực phẩm trực thuộc Bộ Y tế và đã được kiểm tra tại Chi cục hải quan Thành Phố Hồ Chí Minh cũng như xét nghiệm các chỉ tiêu sức khỏe tại Các công ty giám định chất lượng được cho phép của Bộ Y Tế Việt Nam. Sản phẩm phân phối ra thị trường đảm bảo có tem chống Hàng giả của Bộ công an và nhãn phụ sản phẩm của công ty BBT</p><p><strong>BBT</strong> là công ty phân phối độc quyền nhãn hàng này trên phạm vi toàn quốc. Nhằm bảo đảm không mua phải hàng gian, hàng giả vui lòng kiểm tra tem Chống hàng giả của Bộ Công an, nhãn phụ sản phẩm của công ty BBT và thẻ cào nhắn tin xác nhận sản phẩm (3 tem tất cả). Nếu có bất kỳ dấu hiệu nghi ngờ bạn hãy gọi điện thoại về tổng đài 19002050 để được tư vấn (giờ hành chính). Hãy đăng kí thành viên và chọn chức năng mua hàng trực tuyến để được chúng tôi chăm sóc tốt hơn cũng như hưởng nhiều ưu đãi hơn.</p>', 0, '2020-03-17 15:57:59', NULL, 0, NULL),
(32, 'Labrada Muscle Mass bịch 5.4kg tăng cân tăng cơ nhanh', 2, 1, 1700000, 2070000, 0, 'MUSCLEMASS', '2020031745946.jpg', NULL, NULL, NULL, 0, 'Muscle Mass Gainer cao năng lượng,hỗ trợ tăng cân nhanh, tăng cơ nạc cho người gầy, người khó tăng cân, cần bulking.\r\n', '<figure class=\"image\"><img src=\"https://www.thol.com.vn/pub/media/wysiwyg/banner-product/muscle-mass-gainer-vi-dau.jpg\" alt=\"muscle mass gainer vị dâu thơm ngon\"></figure><p><strong>Mass Gainer</strong> được biết đến như 1 trong những sản phẩm bổ sung protein cao cấp nhất dành cho vận động viên thể hình cao cấp hay chỉ là những anh em theo GYM phong trào, dù mục tiêu là Muscle Hay Fitness thì Mass Gainer vẫn là một dòng sản phẩm bổ sung không thể thiếu trong những giai đoạn nhất định. Không thể so sánh Mass Protein với Whey protein, đó là một sự so sánh quá khập khiểng và quá thiếu công bằng đối với Mass Gainer hay những dòng bổ sung protein tổng hợp khác. Đơn giản trong thành phần Super Mass Gainer có quá nhiều thứ đáng giá khác ngoài protein.</p><figure class=\"image\"><img src=\"https://www.thol.com.vn/media/wysiwyg/banner-muscle-mass-2.jpg\" alt=\"Muscle Mass Gainer Tăng cân tăng cơ nhanh thơm ngon đẳng cấp\"></figure><p><strong>Tăng cân hay tăng cơ? Tăng nạc hay tăng mỡ?</strong></p><p>Tất nhiên khi chọn mua 1 dòng sản phẩm mass tăng cân người ta sẽ nghĩ ngay thành phần của nó có đáng giá hay không? Nó sẽ giúp mình tăng cân nhiều hay tăng cơ nhiều? Tăng nạc nhiều hay tăng mỡ nhiều. Và hơn 90% dòng mass gainer cao năng lượng (trên 1000 calo trong 1 lần dùng) đều cho 1 kết quả lừa bịp đó là tăng mỡ nhiều hơn tăng cơ và tích nước trong cơ thể tạo cảm giác \"to\". Rõ ràng điều này không tốt nhưng cũng có mặt ích lợi của nó là tạo 1 cảm giác \"lừa dối\" ngọt ngào. Bạn sẽ vui và tự tin hơn khi tăng được vài kg sau những năm dài khó tăng cân. Chỉ có 1 số ít sản phẩm trên thị trường hiện nay cho bạn 2 chữ tăng cân đúng nghĩa và Muscle Mass Gainer của hãng Labrada (còn sở hữu thương hiệu LeanBody) là 1 bước đột phá mạnh vào thị trường sản phẩm tăng cân cao cấp <strong>\"TĂNG CÂN NHANH, CƠ NẠC NHIỀU HẠN CHẾ TĂNG MỠ VÀ TÍCH NƯỚC\"</strong>.&nbsp;<br><strong>Tăng cân nhanh, tăng cơ, tăng sức mạnh</strong></p><p><strong>Tại sao phải dùng Muscle Mass Gainer?</strong></p><p>Đơn giản là với thức ăn tự nhiên bạn không thể nào hấp thu được 1 lượng lớn calo trong thời gian ngắn, chưa kể đến hệ tiêu hóa của bạn phải ì ạch tiêu hóa 1 lượng lớn thức ăn lâu ngày sẽ bị quá tải và sinh ra nhiều bệnh nguy hiểm về đường tiêu hóa. Ăn nhiều mà không hấp thu cũng trở thành 1 vấn đề phổ biến đối với những bạn khó tăng cân, thì lúc này Muscle Mass Gainer là sư chọn lựa tuyệt vời cho mục tiêu tăng cơ, tăng cân nhanh. Hơn thế nữa với thành phần và tỉ lệ dinh dưỡng tối ưu sẽ giúp cho những người chơi thể hình hấp thu tốt nhất, tăng cơ, tăng cân hiệu quả nhất.</p><ul><li><strong>Muscle Mass Gainer </strong>được thiết kế bới <strong>Labrada </strong>, 1 thương hiệu tiên phong trong những nghiên cứu sản xuất các sản phẩm cao cấp nhằm mục tiêu <strong>tăng cơ, giảm mỡ </strong>đột phá những điều gần như là không thể trong lĩnh vực tăng cân.</li><li><strong>Muscle Mass Gainer </strong>cho chúng ta 1930calo và 84g protein khi được pha chung với 1 lít sữa tươi nguyên chất.</li><li><strong>Muscle Mass Gainer </strong>cho chúng ta dễ dàng hấp thu 1 lượng lớn calo và protein tăng cơ có chất lượng cao nhất với 1 mùi vị tuyệt nhất.</li><li><strong>Muscle Mass Gainer </strong>có thể được sử dụng như 1 bữa ăn thay thế (MRP) hay 1 sản phẩm phục hồi sau khi tập, nó chứa nhiều năng lượng với protein xây dựng cơ, carbonhydrate, creatine và nhiều thành phần dưỡng chất quan trọng khác trong đó có Vitamin và khoáng chất.</li><li><strong>Muscle Mass Gainer </strong>Chứa 17g BCAA (Branch chain amino axit) giúp bạn phục hồi tốt sau tập luyện, và trở nên to hơn, khỏe hơn, nhanh hơn.</li><li><strong>Muscle Mass Gainer </strong>không chứa các thành phần tinh bột rẻ tiền kém chất lượng như: dextrose, sucrose hay corn syrup solids</li></ul><figure class=\"image\"><img src=\"https://www.thol.com.vn/media/wysiwyg/lee-labrada-thumb.jpg\" alt=\"Lee Labrada Vietnam\"></figure><p><br><strong>Lee Labrada</strong>&nbsp;<br>Founder, Labrada Nutrition IFBB Pro Bodybuilding Hall of Fame&nbsp;<br><strong>Muscle Mass Gainer là một sản phẩm tuyệt với danh cho những vận động viên trẻ muốn gia tăng khối lượng protein và chỉ số calo để tăng cân và cơ nhanh nhất, hiệu quả nhất. Nó thật sự là 1 bước đột phá trong dòng sản phẩm protein shake mang về cho bạn 1 diện mạo mới, 1 khối lượng cơ bắp mới.</strong></p><p><strong>Những ai cần dùng Muscle Mass Gainer?</strong></p><p><strong>Muscle Mass Gainer là 1 sản phẩm hướng đến đại đa số người dùng Việt Nam, mọi đối tượng, mọi tầng lớp. Tuy nhiên những đối tượng sau đây được ưu tiên sử dụng:</strong></p><ul><li>Người khó tăng cân, người gầy, người hấp thu kém</li><li>Vận động viên thể hình trong gai đoạn xả cơ sau thi đấu</li><li>Người tập thể hình, GYM, trong giai đoạn bulking, cần tăng cơ</li><li>Người theo fitness trong giai đoạn 1, giai đoạn xây dựng cơ bắp</li><li>Người già, người bệnh hấp thu kém, khả năng ăn uống hạn chế (hỏi bác sĩ về liều dùng)</li></ul><p><strong>Muscle Mass Gainer mùi vị cực ngon</strong></p><p>Ngoài tính năng dễ hòa tan với độ mịn cao, Muscle Mass Gainer còn sở hữu 1 mùi vị cực ngon, cực kì dễ uống so với những dòng mass tăng cân khác (thường rất khó hòa tan và mụi vị ngọt rất khó uống). Sản phẩm này đã lần lượt phá vỡ những thành tích trước đó về công nghệ cải tiến mùi vị của các bậc đàn anh. Mang đến 1 sự tự tin và hứng khởi mới dành cho những khách hàng của nó. Giúp bạn có thể chiến đấu lâu dài cùng sản phẩm này trong cuộc chiến \"xóa bỏ quá khứ gầy còm sau lưng\". Để có được sự ngon miệng tuyệt đối khi sử dụng các bạn vui lòng xem qua video hướng dẫn cách pha chế bên dưới.</p><p><strong>Muscle Mass Gainer những con số ấn tượng</strong></p><figure class=\"image\"><img src=\"https://www.thol.com.vn/media/wysiwyg/mass-gainer.jpg\" alt=\"Labrada Muscle Mass bịch 5.4kg tăng cân tăng cơ nhanh\"></figure><p><strong>1930 calo, 84g protein, 17g BCAA + Creatine khi được pha với 1 lít sữa tươi (whole milk) </strong>là 1 con số không thể ấn tượng hơn đối với 1 sản phẩm mass gainer tăng cân tăng cơ theo kiểu Lean Body như Muscle Mass Gainer. Nếu bạn 60kg, bạn chỉ cần dùng 2 liều mỗi ngày là có thể tăng cân rồi, nhưng bạn đừng làm thế, hãy dùng sản phẩm này kết hợp với ăn uống bình thường như hằng ngày để có 1 kết quả tốt mà vẫn đảm bảo được thói quen sinh hoạt hằng ngày nhé. Tất nhiên bạn không thể nạp 1 lúc chừng ấy calo, có thể sẽ có 1 sự lãng phí, hay chia làm 2 lần uống để đảm bảo hấp thu tốt nhất. Bên cạnh đó sản phẩm cũng chứa 1 lượng tương đối đầy đủ vitamin và khoáng chất kết hợp, bạn sẽ không sợ thiếu những vi chất dinh dưỡng này trong đời sống hằng ngày.</p><p><strong>Cách sử dụng Muscle Mass Gainer</strong></p><p>Bạn có thể pha 9 muỗng (1 liều dùng) Muscle Mass Gainer với 1 lít sữa tươi, nước ép hay nước lọc vào máy xay hoặc bình lắc (shaker) cho đến khi bột tan hết. Bạn có thể bỏ thêm đá vào để uống ngon hơn. Bạn có thể sử dụng sản phẩm này như 1 bữa ăn lúc bạn đói, nhưng để đạt được kết quả tốt nhất bạn cần uống 1 lần vào buổi sáng và 1 lần khác vào thời điểm sau khi bạn tập luyện thể hình hoặc thể thao xong (đây là 2 thời điểm vàng để bổ sung, cơ thể bạn cần nhiều chất dinh dưỡng để phục hồi). Mỗi lần bạn có thể uống 1/2 liều đến 1 liều tùy cân năng của bạn. Nếu bạn dưới 60kg thì uống 1/2 liều 1 lần, ngày 3-4 lần. Nếu bạn trên 60kg thì có thể uống 2/3-1 liều ngày 2-3 lần.</p><p><strong>Chú ý: </strong>Sản phẩm này là thực phẩm bổ sung, không phải thuốc chữa bệnh, không dùng để thế thuốc chữa bệnh. Sản phẩm này được đăng ký tại Cục Vệ sinh an toàn thực phẩm trực thuộc Bộ Y tế và đã được kiểm tra tại Chi cục hải quan Thành Phố Hồ Chí Minh cũng như xét nghiệm các chỉ tiêu sức khỏe tại Các công ty giám định chất lượng được cho phép của Bộ Y Tế Việt Nam. Sản phẩm phân phối ra thị trường đảm bảo có tem chống Hàng giả của Bộ công an và nhãn phụ sản phẩm của công ty BBT</p><p><strong>BBT</strong> là công ty phân phối độc quyền nhãn hàng này trên phạm vi toàn quốc. Nhằm bảo đảm không mua phải hàng gian, hàng giả vui lòng kiểm tra tem Chống hàng giả của Bộ Công an, nhãn phụ sản phẩm của công ty BBT và thẻ cào nhắn tin xác nhận sản phẩm (3 tem tất cả). Nếu có bất kỳ dấu hiệu nghi ngờ bạn hãy gọi điện thoại về tổng đài 19002050 để được tư vấn (giờ hành chính). Hãy đăng kí thành viên và chọn chức năng mua hàng trực tuyến để được chúng tôi chăm sóc tốt hơn cũng như hưởng nhiều ưu đãi hơn.</p>', 0, '2020-03-17 15:59:46', NULL, 0, NULL),
(33, 'Nutrex Muscle Infusion hộp lớn 2.2kg', 2, 4, 1550000, 0, 0, 'complete-pro-74', '2020031750146.jpg', NULL, NULL, NULL, 0, 'Muscle Infusion chứa nhiều protein và khoáng chất giúp cơ bắp của bạn được tổng hợp, nuôi dưỡng và phát triển 1 cách tốt nhất. ', '<p><strong>Muscle Infusion</strong> là 1 sản phẩm đa protein hoàn chỉnh, mỗi liều dùng mang lại 25g protein chất lượng cao. <strong>MUSCLE INFUSION</strong> không tập trung vào chỉ 1 nguồn protein mà sản phẩm này là hỗn hợp của nhiều dòng protein khác nhau giúp tăng trưởng cơ bắp tối đa: Whey Protein Concentrate, Whey Protein Isolate, Milk Protein Concentrate, Hydrolyzed Whey Protein, Micellar Casein. Bên cạnh đó, sản phẩm cung cấp một lượng khoáng chất giúp cơ bắp được tổng hợp, nuôi dưỡng và phát triển 1 cách tốt nhất.</p><figure class=\"image\"><img src=\"https://www.thol.com.vn/media/wysiwyg/banner_muscleinfusion.jpg\" alt=\"Muscle Infusion tăng cơ nhanh chóng hiệu quả\"></figure><p><strong>Những điểm nổi bật của sản phẩm</strong></p><ul><li>25g protein hoàn chỉnh trải dài</li><li>ít carb, ít béo</li><li>Chứa enzym tiêu hóa, tăng khả năng hấp thu</li><li>Chứa nhiều vitamin khoáng chất.</li><li>Hơn 5g BCAA</li><li>11g Amino acids</li><li>4g glutamine</li><li>6 nguồn protein khác nhau</li><li>Dễ hòa tan, vị ngon tuyệt vời</li></ul><p><strong>Muscle Infusion hỗ trợ phát triển cơ bắp triệt để nhất</strong></p><p>Muscle Infusion còn cung cấp rất nhiều axit amin thiết yếu vốn là nguồn nguyên liệu xây dựng cơ bắp quý giá mà cơ thể chúng ta không thể tự tổng hợp được. Sản phẩm cũng chứa 1 lượng lớn glutamin và giàu BCAA giúp phục hồi và phát triển cơ bắp. Muscle Infusion cũng được tích hợp thêm các loại enzyme tiêu hóa protein, giúp cơ thể chúng ta hấp thu sản phẩm 1 cách triệt để nhất.</p><figure class=\"image\"><img src=\"https://www.thol.com.vn/media/wysiwyg/banner_muscleinfusion_02.jpg\" alt=\"Muscle Infusion tăng cơ nhanh chóng hiệu quả\"></figure><p>Muscle Infusion hướng đến mục tiêu hỗ trợ tăng độ lean, độ nét cơ bắp, nên sản phẩm chứa rất ít chất béo cũng như carbohydrate. Ngoài ra, mùi vị ngon và pha chế dễ dàng cũng là điểm nổi bật đáng kể của sản phẩm này.</p><p><strong>Hướng dẫn sử dụng :</strong></p><p>Đối với người lớn, cho 1 muỗng vào 400-500ml nước lạnh, lắc đều shaker cho đến khi bột tan hoàn toàn (bạn có thể thay đổi lượng nước, điều này sẽ làm thay đổi 1 chút vị của sản phẩm) và uống ngay cho có kết quả tốt nhất. Bạn có thể uống trước và sau tập hoặc bất kì thời điểm nào trong ngày cần bổ sung protein, một ngày sử dụng 2-4 lần. Nếu bạn tập nặng hoặc vận động nhiều thì có thể uống 1 lần 2 muỗng, ngày 3 lần. Ngày không tập thể hình vẫn sử dụng để phục hồi cơ bắp những buổi tập trước đó.</p><p><strong>Cảnh báo: </strong>Nếu bạn đang dùng bất cứ loại thuốc nào hoặc có bất kỳ dấu hiệu bệnh lý , tham khảo ý kiến bác sĩ trước khi sử dụng. Ngừng sử dụng và tham khảo ý kiến bác sĩ của bạn nếu có phản ứng bất lợi xảy ra. Giữ xa tầm với của trẻ em. Lưu trữ ở nhiệt độ phòng và tránh nhiệt quá mức. Không sử dụng nếu lớp bảo dưới nắp bị thủng hoặc mất.</p><p><strong>Chú ý: </strong>Sản phẩm này là thực phẩm bổ sung, không phải thuốc chữa bệnh, không dùng để thế thuốc chữa bệnh. Sản phẩm này được đăng ký tại Cục Vệ sinh an toàn thực phẩm trực thuộc Bộ Y tế và đã được kiểm tra tại Chi cục hải quan Thành Phố Hồ Chí Minh cũng như xét nghiệm các chỉ tiêu sức khỏe tại Các công ty giám định chất lượng được cho phép của Bộ Y Tế Việt Nam. Sản phẩm phân phối ra thị trường đảm bảo có tem chống Hàng giả của Bộ công an và nhãn phụ sản phẩm của công ty BBT</p><p><strong>BBT</strong> là công ty phân phối độc quyền nhãn hàng này trên phạm vi toàn quốc. Nhằm bảo đảm không mua phải hàng gian, hàng giả vui lòng kiểm tra tem Chống hàng giả của Bộ Công an, nhãn phụ sản phẩm của công ty BBT và thẻ cào nhắn tin xác nhận sản phẩm (3 tem tất cả). Nếu có bất kỳ dấu hiệu nghi ngờ bạn hãy gọi điện thoại về tổng đài 19002050 để được tư vấn (giờ hành chính). Hãy đăng kí thành viên và chọn chức năng mua hàng trực tuyến để được chúng tôi chăm sóc tốt hơn cũng như hưởng nhiều ưu đãi hơn.</p>', 0, '2020-03-17 16:01:46', NULL, 0, NULL),
(34, 'Labrada LeanBody MRP Shake 30 serving', 2, 1, 1650000, 0, 0, 'LEANBODYMRP', '2020031750321.jpg', NULL, NULL, NULL, 0, 'Cung cấp đầy đủ chất dinh dưỡng cho gymer với 35g protein cao cấp, 6g BCAA, 6g Glutamine cùng nhiều vitamin khoáng chất..', '<p>&nbsp;&nbsp;&nbsp;&nbsp;Nhà sản xuất Labrada, thương hiệu lớn nhất về bữa ăn thay thế và protein tại thị trường Mỹ, đối tác chiến lược lâu đời của Công ty TNHH Thương mại BBT. BBT hiện là nhà phân phối sản phẩm Labrada lớn thứ 2 thế giới 2 năm liên tiếp 2016, 2017 và phấn đấu đạt top 1 năm 2018.&nbsp;</p><ul><li><strong>Lean Body Shake</strong> là thành viên của Labrada nằm trong dòng sản phẩm Lean Body nổi tiếng nhất thế giới.</li><li>Lean Body Shake có thành phần giống như Lean Body MRP.</li><li>Dạng hộp thiết kế đẹp bắt mắt.</li><li>Mang đến nguồn dinh dưỡng <strong>Tăng cơ giảm mỡ - Bữa ăn thay thế đẳng cấp cho gymer</strong>.</li></ul><figure class=\"image\"><img src=\"https://www.thol.com.vn/media/wysiwyg/leanbody-shake-01.jpg\" alt=\"Labrada LeanBody MRP Shake – bữa ăn thay thế cao cấp giàu protein\"></figure><p><strong>Labrada LeanBody MRP Shake</strong> là 1 giải pháp bổ sung dinh dưỡng để xây dựng cơ nạc cho toàn cơ thể. Được biết đến từ lâu là 1 sản phẩm bữa ăn thay thế cao cấp giàu protein, bổ dưỡng, LeanBody cung cấp tất cả những protein, axit béo thiết yếu cùng nhiều loại vitamin và khoáng chất cơ thể cần. Một serving Leanbody cung cấp lượng dinh dưỡng ngang với 1 miếng ức gà lớn cùng 1 lượng carbonhydrate phức tạp như trong gạo nguyên chất, nhiều chất xơ có trong trong rau và nhiều axit béo, vitamin và khoáng chất thiết yếu. Ngoài ra, bạn còn nhận được 7g chất xơ để hỗ trợ tiêu hóa tốt hơn cùng 6g glutamine để ngăn ngừa sự cố cơ bắp và nhiều hơn thế nữa với Labrada LeanBody MRP Shake.</p><p><strong>Bữa ăn thay thế hoàn hảo cho gymer:</strong></p><p>&nbsp;</p><p>Kích thích cơ bắp phát triển: mỗi serving LeanBody MRP Shake cung cấp 35g protein có khả năng sinh học cao để nuôi dưỡng mô cơ nạc.&nbsp;<br>&nbsp;</p><p>&nbsp;</p><p>Protein CFM Isolate hấp thu siêu nhanh đến vừa (30p-3h) =&gt; chất lượng protein siêu VIP<br>&nbsp;</p><p>&nbsp;</p><p>7g chất xơ giúp tiêu hóa tốt hơn, phòng tránh ung thư ruột.<br>&nbsp;</p><p>&nbsp;</p><p>21g carb phức tạp rất tốt để phát triển cơ bắp, ngăn ngừa tích mỡ, tạo năng lượng dài lâu.<br>&nbsp;</p><p>&nbsp;</p><p>Chứa 21 vitamin khoáng chất cao đủ cho cơ thể gymer 1 ngày năng động<br>&nbsp;</p><p>&nbsp;</p><p>Mùi vị tuyệt vời được nhiều giải thưởng từ thương hiệu Lean Body<br>&nbsp;</p><p>&nbsp;</p><p>Tỉ lệ protein/carb/fat là 50/30/20 giúp body siêu nét, tăng cơ và giảm mỡ tốt<br>&nbsp;</p><p>&nbsp;</p><p>Mạnh hơn: Chứa hơn 6g leucine BCAA, isoleucine và valine, mỗi serving LeanBody MRP Shake giúp tái tạo cơ bắp và sức mạnh.<br>&nbsp;</p><p>&nbsp;</p><p>Phục hồi nhanh hơn: mỗi serving LeanBody MRP Shake chứa hơn 7g glutamine và axit glutamic làm tăng tốc độ phục hồi và tăng cường hệ thống miễn dịch của bạn.</p><p><strong>Lean Body Shake là một sản phẩm 3 không:</strong><br>&nbsp;</p><p>&nbsp;</p><p>Không màu và mùi nhân tạo.<br>&nbsp;</p><p>&nbsp;</p><p>Không chứa Maltodextrin và Chất ngọt nhân tạo.<br>&nbsp;</p><p>&nbsp;</p><p>Không trans fat mầm móng bệnh tim mạch.<br>&nbsp;</p><p>&nbsp;</p><p>Labrada là thương hiệu hơn 20 năm uy tín, sản phẩm được kiểm tra kĩ càng bằng những phòng thí nghiệm độc lập với phương châm “<i>Những gì in trên nhãn, đó là sự thật!</i>”.</p><figure class=\"image\"><img src=\"https://www.thol.com.vn/media/wysiwyg/leanbody-shake-02.jpg\" alt=\"Labrada LeanBody MRP Shake – bữa ăn thay thế cao cấp giàu protein\"></figure><p>Sản phẩm LeanBody MRP Shake sẽ giải quyết vấn đề “Ăn gì? Khi nào?” của bạn. Nó bao gồm tất cả các nhu cầu thiết yếu cho cơ thể với: 35 gram protein chất lượng cao, 21 vitamin và khoáng chất, và nhiều loại carb tốt trong mỗi liều dùng. Chúng tôi cũng đã thêm vào một lượng lớn chất xơ để hỗ trợ tiêu hóa và tăng cường sức khỏe. Cách cân bằng các dưỡng chất này không chỉ giúp các cơ của bạn trông nét hơn, mà còn giữ cho nó hoạt động ở mức tốt nhất.<br>Bạn sẽ thích những lợi ích mà LeanBody MRP Shake mang lại, nó cũng không chứa những thứ có thể gây hại cho bạn như: màu nhân tạo, chất bảo quản hoặc chất béo chuyển hóa và chỉ có 3-6 grams đường. Đầy đủ dinh dưỡng như một bữa ăn lành mạnh chỉ trong một ly thức uống, LeanBody MRP Shake sẽ đáp ứng đầy đủ những yêu cầu đó.</p><p><strong>Đối tượng sử dụng:</strong></p><p>Đối tượng: Nam nữ tập gym vì mục đích tăng cơ giảm mỡ, giảm cân, người lao động, nhân viên văn phòng ăn uống không đủ chất, bận rộn không có thời gian chuẩn bị bữa ăn đều có thể sử dụng sản phẩm này mọi lúc mọi nơi.</p><p><strong>Hướng dẫn sử dụng LeanBody MRP Shake:</strong></p><p>Người bình thường, ngày dùng 1 liều (2 muỗng) thay cho 1 bữa ăn.<br>Đối với gymer, pha từ 1-2 liều dùng vào 300-500ml nước lạnh hoặc nước ép trái cây vào bình lắc THOL, sau đó lắc đều tay cho đến khi bột tan hết và sử dụng. Các bạn có thể sử dụng thay thế các bữa ăn, trước tập, sau tập. Một ngày sử dụng từ 2-3 liều để đạt hiệu quả cao nhất.&nbsp;<br>Để mua hàng hoặc phân phối sản phẩm Lean Body Shake tại Việt Nam, vui lòng liên hệ tổng đài sale của BBT 19002050.<br>Sản phẩm Free ship toàn quốc.</p><p><strong>Chú ý:</strong> Sản phẩm này là thực phẩm bổ sung, không phải thuốc chữa bệnh, không dùng để thế thuốc chữa bệnh. Sản phẩm này được đăng ký tại Cục Vệ sinh an toàn thực phẩm trực thuộc Bộ Y tế và đã được kiểm tra tại Chi cục hải quan Thành Phố Hồ Chí Minh cũng như xét nghiệm các chỉ tiêu sức khỏe tại Các công ty giám định chất lượng được cho phép của Bộ Y Tế Việt Nam. Sản phẩm phân phối ra thị trường đảm bảo có tem chống Hàng giả của Bộ công an và nhãn phụ sản phẩm của công ty BBT</p><p><strong>BBT</strong> là công ty phân phối độc quyền nhãn hàng này trên phạm vi toàn quốc. Nhằm bảo đảm không mua phải hàng gian, hàng giả vui lòng kiểm tra tem Chống hàng giả của Bộ Công an, nhãn phụ sản phẩm của công ty BBT và thẻ cào nhắn tin xác nhận sản phẩm (3 tem tất cả). Nếu có bất kỳ dấu hiệu nghi ngờ bạn hãy gọi điện thoại về tổng đài 19002050 để được tư vấn (giờ hành chính). Hãy đăng kí thành viên và chọn chức năng mua hàng trực tuyến để được chúng tôi chăm sóc tốt hơn cũng như hưởng nhiều ưu đãi hơn.</p>', 0, '2020-03-17 16:03:21', NULL, 0, NULL);

-- --------------------------------------------------------

--
-- Table structure for table `setting`
--

CREATE TABLE `setting` (
  `id_sett` int(11) NOT NULL,
  `key_sett` varchar(20) DEFAULT NULL,
  `key_id` int(5) DEFAULT NULL,
  `key_display` varchar(255) DEFAULT NULL,
  `flag` int(1) NOT NULL DEFAULT 0,
  `created` timestamp NOT NULL DEFAULT current_timestamp(),
  `modified` timestamp NULL DEFAULT NULL,
  `user_created` int(11) NOT NULL DEFAULT 0,
  `user_modified` int(11) DEFAULT NULL
) ENGINE=InnoDB DEFAULT CHARSET=utf8;

-- --------------------------------------------------------

--
-- Table structure for table `setting_product`
--

CREATE TABLE `setting_product` (
  `sett_key` varchar(20) NOT NULL,
  `prod_id` int(11) NOT NULL,
  `created` timestamp NOT NULL DEFAULT current_timestamp(),
  `modified` timestamp NULL DEFAULT NULL
) ENGINE=InnoDB DEFAULT CHARSET=utf8;

--
-- Indexes for dumped tables
--

--
-- Indexes for table `accounts`
--
ALTER TABLE `accounts`
  ADD PRIMARY KEY (`id_acco`);

--
-- Indexes for table `categories`
--
ALTER TABLE `categories`
  ADD PRIMARY KEY (`id_cate`);

--
-- Indexes for table `companies`
--
ALTER TABLE `companies`
  ADD PRIMARY KEY (`id_comp`);

--
-- Indexes for table `menu`
--
ALTER TABLE `menu`
  ADD PRIMARY KEY (`id_menu`);

--
-- Indexes for table `orders`
--
ALTER TABLE `orders`
  ADD PRIMARY KEY (`prod_id`,`acco_id`);

--
-- Indexes for table `products`
--
ALTER TABLE `products`
  ADD PRIMARY KEY (`id_prod`);

--
-- Indexes for table `setting`
--
ALTER TABLE `setting`
  ADD PRIMARY KEY (`id_sett`);

--
-- Indexes for table `setting_product`
--
ALTER TABLE `setting_product`
  ADD PRIMARY KEY (`sett_key`,`prod_id`);

--
-- AUTO_INCREMENT for dumped tables
--

--
-- AUTO_INCREMENT for table `accounts`
--
ALTER TABLE `accounts`
  MODIFY `id_acco` int(11) NOT NULL AUTO_INCREMENT, AUTO_INCREMENT=2;

--
-- AUTO_INCREMENT for table `categories`
--
ALTER TABLE `categories`
  MODIFY `id_cate` int(10) NOT NULL AUTO_INCREMENT, AUTO_INCREMENT=16;

--
-- AUTO_INCREMENT for table `companies`
--
ALTER TABLE `companies`
  MODIFY `id_comp` int(10) NOT NULL AUTO_INCREMENT, AUTO_INCREMENT=7;

--
-- AUTO_INCREMENT for table `menu`
--
ALTER TABLE `menu`
  MODIFY `id_menu` int(10) NOT NULL AUTO_INCREMENT, AUTO_INCREMENT=11;

--
-- AUTO_INCREMENT for table `products`
--
ALTER TABLE `products`
  MODIFY `id_prod` int(11) NOT NULL AUTO_INCREMENT, AUTO_INCREMENT=35;

--
-- AUTO_INCREMENT for table `setting`
--
ALTER TABLE `setting`
  MODIFY `id_sett` int(11) NOT NULL AUTO_INCREMENT;
COMMIT;

/*!40101 SET CHARACTER_SET_CLIENT=@OLD_CHARACTER_SET_CLIENT */;
/*!40101 SET CHARACTER_SET_RESULTS=@OLD_CHARACTER_SET_RESULTS */;
/*!40101 SET COLLATION_CONNECTION=@OLD_COLLATION_CONNECTION */;
